config,rep,output_tok_s,ttft_p50_s,e2e_p95_s,max_stream_gap_s,stalled_requests_1s,trace_preemptions,rescheduled_token_positions,max_running,max_kv_usage
confirm_kv128_cap3,rep0,206.427686685784,8.618439222999996,22.32121059050001,0.1664430459999835,0,0,0,3,0.8470588235294118
confirm_kv128_cap3,rep1,209.71232002536985,8.431146158000018,21.970351280599992,0.16443472899999279,0,0,0,3,0.8470588235294118
confirm_kv128_cap3,rep2,209.49831363273145,8.421936077500021,21.99417126894998,0.16629098399999975,0,0,0,3,0.8470588235294118
confirm_kv128_cap8,rep0,217.7030983353909,6.094015331999998,19.339464958050016,5.037540730999979,3,5,4526,5,1.0
confirm_kv128_cap8,rep1,213.50673243069411,6.321447925499996,19.81889738734999,5.254481177000002,3,5,4526,5,1.0
confirm_kv128_cap8,rep2,218.14605334295035,6.312641397500016,19.34808558154999,5.1948954640000125,3,5,4526,5,1.0
confirm_kv384_cap8,rep0,377.5818890093741,0.554766550499977,12.20294621205002,0.19772046600002113,0,0,0,8,0.7509778357235984
confirm_kv384_cap8,rep1,394.24786607109706,0.5564740100000165,11.684353598650002,0.2007891399999835,0,0,0,8,0.7509778357235984
confirm_kv384_cap8,rep2,392.0888562636996,0.5529214260000401,11.749722960999984,0.20039836700004798,0,0,0,8,0.7509778357235984
headroom_kv128_cap8,rep0,208.49250315986484,8.419649243500032,22.097682711800008,0.14707731499993315,0,0,0,3,0.8470588235294118
headroom_kv128_cap8,rep1,205.93952081205003,8.575295456499987,22.37074648850001,0.15858370700004798,0,0,0,3,0.8470588235294118
headroom_kv128_cap8,rep2,204.3741358395264,8.850841057500077,22.544390397199965,0.15828554999995958,0,0,0,3,0.8470588235294118
pilot2_kv128_cap3,rep0,202.24550007232943,8.563589485999998,22.781505104199997,0.16060004699999553,0,,,,
pilot2_kv128_cap8,rep0,223.92930316151399,5.9646245500000035,18.817963441949995,4.896594127,3,,,,
pilot2_kv256_cap8,rep0,384.1291794099482,0.5604238410000022,11.993271891199985,2.2557876110000166,1,,,,
