trial,policy,n,start_perf_s,end_perf_s,wall_s,throughput,ttft_p50,ttft_p95,e2e_p50,e2e_p95,max_silence,silence_p95,stalled_requests,silence_excess_1s_s,max_arrival_lateness_s,model,slots,cap,seed,mix,arrival,run,folder,trace_preemptions,scheduled_tokens,rescheduled_token_positions,evicted_computed_positions,max_running,max_kv_usage,handoff_target_next_pass,handoff_victim_next_pass,budget,budget_misses,repeat_victims,growth_attempts,growth_denials,handoffs,terminal_discard,terminal_evictions,wait_sum_s,wait_max_s,wait_covered_gt1_gaps_s,total_gt1_gaps_s,evicted_stalled,stalled_gt_0.25,stalled_gt_0.5,stalled_gt_1,stalled_gt_2,stalled_gt_5,prefill_computed_delta
study00_a1_s23_qwen1.5b_kv3072_cap6-00_generation_burst_slai_port,slai_port,12,7570.357380354,7592.01237485,21.654994495999745,200.96980402391378,0.6190686280001501,6.195900698649847,6.22539613150002,19.143443167599933,3.1191025069992975,3.1122377281998523,2,4.225723597999604,0.00026153799990424886,qwen1.5b,3072,6,23,generation,burst,study00_a1_s23_qwen1.5b_kv3072_cap6,00_generation_burst_slai_port,2,9332,1408,1408,6,1.0,0,0,0.5,2,0,0,0,0,0,0,6.014156919000925,3.0165035620002527,5.974878667000667,6.225723597999604,2,2,2,2,2,0,3584.0
study00_a1_s23_qwen1.5b_kv3072_cap6-01_generation_stagger_guard128,guard128,12,7592.239486541,7622.929537248,30.69005070700041,141.80491396214302,0.41246108900031686,6.8332949850999265,7.79971100099965,19.079207677650125,0.47880613100005576,0.45001064780012706,0,0,0.00030268599948612973,qwen1.5b,3072,6,23,generation,stagger,study00_a1_s23_qwen1.5b_kv3072_cap6,01_generation_stagger_guard128,22,23421,15497,15497,5,1.0,17,0,0.5,0,5,374,362,21,0,0,5.341410632001498,0.30727822199969523,0,0,0,5,0,0,0,0,3584.0
study00_a1_s23_qwen1.5b_kv3072_cap6-02_generation_burst_guard256,guard256,12,7623.153520435,7649.932413032,26.778892596999867,162.5160556672,2.295503888499752,13.195363832900238,13.33966195550056,21.550744472449917,0.11867700399943715,0.11865833919973738,0,0,0.00037487299960048404,qwen1.5b,3072,6,23,generation,burst,study00_a1_s23_qwen1.5b_kv3072_cap6,02_generation_burst_guard256,0,7924,0,0,6,0.9633507853403142,0,0,0.5,0,0,714,702,0,0,0,0,0,0,0,0,0,0,0,0,0,3584.0
study00_a1_s23_qwen1.5b_kv3072_cap6-03_generation_burst_adaptive_resume,adaptive_resume,12,7650.15642328,7677.097933865,26.941510585000287,161.53511460574822,0.6910658630004036,13.845079902449607,9.17777317250011,20.091062629650278,0.9773597930006872,0.6373760384500652,0,0,0.0002688119995581939,qwen1.5b,3072,6,23,generation,burst,study00_a1_s23_qwen1.5b_kv3072_cap6,03_generation_burst_adaptive_resume,2,8895,971,971,6,1.0,0,0,0.5,1,0,0,0,0,0,0,1.1537473520002095,0.9108797369999593,0,0,0,2,1,0,0,0,3584.0
study00_a1_s23_qwen1.5b_kv3072_cap6-04_generation_stagger_growth_only,growth_only,12,7677.313683975,7703.454297018,26.140613043000485,166.4842363429311,0.6709250645003522,5.702111527150237,7.145011174500269,14.666529780950347,0.11614730899964343,0.11608680240024113,0,0,0.0002792409995890921,qwen1.5b,3072,6,23,generation,stagger,study00_a1_s23_qwen1.5b_kv3072_cap6,04_generation_stagger_growth_only,0,7924,0,0,5,0.9162303664921466,0,0,0.5,0,0,449,437,0,0,0,0,0,0,0,0,0,0,0,0,0,3584.0
study00_a1_s23_qwen1.5b_kv3072_cap6-05_generation_burst_growth_only,growth_only,12,7703.702573011,7729.697854132,25.995281121000517,167.4150004280661,0.6385547814998063,12.923399607549708,9.293232823999915,19.15402488485037,1.3900454650001848,0.6737020438004938,1,0.3900454650001848,0.00033084999995480757,qwen1.5b,3072,6,23,generation,burst,study00_a1_s23_qwen1.5b_kv3072_cap6,05_generation_burst_growth_only,1,8351,427,427,6,1.0,0,0,0.5,1,0,503,491,0,0,0,1.3285004120007216,1.3285004120007216,1.3093079730006139,1.3900454650001848,1,1,1,1,0,0,3584.0
study00_a1_s23_qwen1.5b_kv3072_cap6-06_generation_burst_baseline,baseline,12,7729.918350115,7754.681819576,24.76346946099966,175.7427410102622,0.6661132204999376,8.277935911650223,8.772594598000069,18.667384788799737,4.439974427000379,2.532812911400012,1,5.3506887500007,0.00024286299958475865,qwen1.5b,3072,6,23,generation,burst,study00_a1_s23_qwen1.5b_kv3072_cap6,06_generation_burst_baseline,4,10043,2119,2119,6,1.0,0,0,0.5,2,1,0,0,0,0,0,8.300851568000326,4.3566669749998255,7.122052742000051,7.3506887500007,1,3,2,1,1,0,3584.0
study00_a1_s23_qwen1.5b_kv3072_cap6-07_generation_stagger_slai_port,slai_port,12,7754.904167383,7781.106138919,26.2019715360002,166.0943717162874,0.07711459199981618,2.839282128099601,4.70788913000024,15.66679921429968,1.5728735190004954,1.5567996892504652,3,1.2236156630006008,0.00010916914198749739,qwen1.5b,3072,6,23,generation,stagger,study00_a1_s23_qwen1.5b_kv3072_cap6,07_generation_stagger_slai_port,4,10404,2480,2480,6,1.0,0,0,0.5,4,0,0,0,0,0,0,4.320625113999995,1.4898908420000225,3.7923999260010532,4.223615663000601,3,4,4,3,0,0,3584.0
study00_a1_s23_qwen1.5b_kv3072_cap6-08_generation_stagger_guard256,guard256,12,7781.372879782,7809.186653643,27.81377386099939,156.46923793043402,1.770768248499735,6.75047442074997,9.15359723399979,15.307894729399681,0.11676524199992855,0.11676114780020726,0,0,0.0004596661741995689,qwen1.5b,3072,6,23,generation,stagger,study00_a1_s23_qwen1.5b_kv3072_cap6,08_generation_stagger_guard256,0,7924,0,0,5,0.9162303664921466,0,0,0.5,0,0,590,578,0,0,0,0,0,0,0,0,0,0,0,0,0,3584.0
study00_a1_s23_qwen1.5b_kv3072_cap6-09_generation_stagger_adaptive_resume,adaptive_resume,12,7809.398741358,7835.951431168,26.55268981000063,163.90053253139317,0.08158118949995696,3.249098668049963,5.8306487150002795,15.027730399599657,4.025596247000067,3.2587286526502783,2,4.65688777700052,0.00024351099909836194,qwen1.5b,3072,6,23,generation,stagger,study00_a1_s23_qwen1.5b_kv3072_cap6,09_generation_stagger_adaptive_resume,3,9197,1273,1273,6,1.0,0,0,0.5,2,1,0,0,0,0,0,6.825775623000482,3.886971826000263,6.342289886000799,6.65688777700052,2,2,2,2,2,0,3584.0
study00_a1_s23_qwen1.5b_kv3072_cap6-10_generation_burst_guard128,guard128,12,7836.177456534,7862.802016101,26.62455956699978,163.45810299878738,0.6500170295003045,13.783705829900281,9.70932162300005,19.960958328700137,0.3830227990001731,0.3828897705003783,0,0,0.00038173199936863966,qwen1.5b,3072,6,23,generation,burst,study00_a1_s23_qwen1.5b_kv3072_cap6,10_generation_burst_guard128,9,13725,5801,5801,6,1.0,8,0,0.5,0,4,506,494,8,0,0,2.426951502998236,0.2839633549992868,0,0,0,5,0,0,0,0,3584.0
study00_a1_s23_qwen1.5b_kv3072_cap6-11_generation_stagger_baseline,baseline,12,7863.021019924,7889.157938543,26.136918618999516,166.5077687021772,0.0886024055002963,2.700288593299681,5.789962102000118,14.752423061049738,3.9258468999996694,3.19836246814957,2,4.52899483299916,0.0003504659998725401,qwen1.5b,3072,6,23,generation,stagger,study00_a1_s23_qwen1.5b_kv3072_cap6,11_generation_stagger_baseline,3,9196,1272,1272,6,1.0,0,0,0.5,2,1,0,0,0,0,0,6.7156223349993525,3.784892269000011,6.215654804998849,6.52899483299916,2,2,2,2,2,0,3584.0
study01_a1_s23_llama1b_kv3072_cap3-00_generation_stagger_baseline,baseline,12,7913.852771315,7937.727329985,23.874558670000624,182.28609207626815,4.898163433500031,6.239106370900026,9.491587284499929,12.611699173699797,0.06027043600079196,0.0601531309002894,0,0,0.00025063517425927273,llama1b,3072,3,23,generation,stagger,study01_a1_s23_llama1b_kv3072_cap3,00_generation_stagger_baseline,0,7924,0,0,3,0.8795811518324608,0,0,0.5,0,0,0,0,0,0,0,0,0,0,0,0,0,0,0,0,0,3584.0
study01_a1_s23_llama1b_kv3072_cap3-01_generation_burst_baseline,baseline,12,7937.957470757,7962.747509428,24.79003867099982,175.55438528182324,10.885445673499817,15.097675602349998,13.568507715000123,20.53133956759993,0.06490533599935588,0.06482912469946314,0,0,0.00048801799948705593,llama1b,3072,3,23,generation,burst,study01_a1_s23_llama1b_kv3072_cap3,01_generation_burst_baseline,0,7924,0,0,3,0.8848167539267016,0,0,0.5,0,0,0,0,0,0,0,0,0,0,0,0,0,0,0,0,0,3584.0
study02_a1_s23_llama1b_kv3072_cap12-00_generation_stagger_guard128,guard128,12,7987.09904319,8008.709818971,21.610775780999575,201.38101677156473,0.3724151230003372,4.022360083949706,6.078526076999879,11.195048630099972,0.0859224109999559,0.08587903909992747,0,0,0.00026349099971412215,llama1b,3072,12,23,generation,stagger,study02_a1_s23_llama1b_kv3072_cap12,00_generation_stagger_guard128,0,7924,0,0,5,0.9005235602094241,0,0,0.5,0,0,450,438,0,0,0,0,0,0,0,0,0,0,0,0,0,3584.0
study02_a1_s23_llama1b_kv3072_cap12-01_generation_burst_guard256,guard256,12,8008.948977057,8029.960311992,21.011334935000377,207.12629699460464,1.7586288854995473,10.407047782700193,10.619332401000065,16.865105422950588,0.08666277399970568,0.08665169204959966,0,0,0.00036765599907084834,llama1b,3072,12,23,generation,burst,study02_a1_s23_llama1b_kv3072_cap12,01_generation_burst_guard256,0,7924,0,0,6,0.9633507853403142,0,0,0.5,0,0,773,761,0,0,0,0,0,0,0,0,0,0,0,0,0,3584.0
study02_a1_s23_llama1b_kv3072_cap12-02_generation_stagger_guard256,guard256,12,8030.212715249,8053.078458833,22.865743583999574,190.3283828934973,2.0314731744997516,4.886137453750098,6.762421207000443,11.701317094449903,0.0832438520001233,0.08246730590026345,0,0,0.00018201516834892573,llama1b,3072,12,23,generation,stagger,study02_a1_s23_llama1b_kv3072_cap12,02_generation_stagger_guard256,0,7924,0,0,4,0.9005235602094241,0,0,0.5,0,0,565,553,0,0,0,0,0,0,0,0,0,0,0,0,0,3584.0
study02_a1_s23_llama1b_kv3072_cap12-03_generation_stagger_growth_only,growth_only,12,8053.311296121,8074.831796089,21.520499967999967,202.22578501759864,0.36278868199997305,4.067640428750155,6.091516697500083,11.148653334749678,0.08341505999942456,0.0833562072497898,0,0,0.00024667599973327015,llama1b,3072,12,23,generation,stagger,study02_a1_s23_llama1b_kv3072_cap12,03_generation_stagger_growth_only,0,7924,0,0,5,0.9005235602094241,0,0,0.5,0,0,452,440,0,0,0,0,0,0,0,0,0,0,0,0,0,3584.0
study02_a1_s23_llama1b_kv3072_cap12-04_balanced_burst_guard256,guard256,12,8075.131120276,8089.27779771,14.146677434000594,203.58137191126676,3.890502878999996,8.087393764449915,7.055930320000243,13.691723577650146,0.1499120420003237,0.12726351060027807,0,0,0.0002437269995425595,llama1b,3072,12,23,balanced,burst,study02_a1_s23_llama1b_kv3072_cap12,04_balanced_burst_guard256,0,8628,0,0,4,0.806282722513089,0,0,0.5,0,0,719,707,0,0,0,0,0,0,0,0,0,0,0,0,0,5760.0
study02_a1_s23_llama1b_kv3072_cap12-05_balanced_stagger_guard256,guard256,12,8089.546834812,8107.240662942,17.69382812999993,162.76862072130976,0.08647608449973632,1.1215361813996878,3.115073637000023,7.335938278550065,0.11163724699963495,0.11043212934982875,0,0,0.00021572900004684925,llama1b,3072,12,23,balanced,stagger,study02_a1_s23_llama1b_kv3072_cap12,05_balanced_stagger_guard256,0,8628,0,0,4,0.7277486910994764,0,0,0.5,0,0,236,224,0,0,0,0,0,0,0,0,0,0,0,0,0,5760.0
study02_a1_s23_llama1b_kv3072_cap12-06_balanced_stagger_guard128,guard128,12,8107.512241602,8125.121958633,17.60971703099949,163.54606919180787,0.07067851550027626,0.8880302630502681,3.192186777000188,7.349939130550228,0.117621176999819,0.1175302449497849,0,0,0.0004049299996040645,llama1b,3072,12,23,balanced,stagger,study02_a1_s23_llama1b_kv3072_cap12,06_balanced_stagger_guard128,0,8628,0,0,4,0.9057591623036649,0,0,0.5,0,0,130,118,0,0,0,0,0,0,0,0,0,0,0,0,0,5760.0
study02_a1_s23_llama1b_kv3072_cap12-07_generation_stagger_adaptive_resume,adaptive_resume,12,8125.353479638,8146.286647135,20.933167496999886,207.8997361781834,0.06615780700030882,0.8609292236501906,4.354101540500324,10.923055968249672,2.528436413000236,2.0037674505997978,2,2.1029292579996763,0.0006124909996287897,llama1b,3072,12,23,generation,stagger,study02_a1_s23_llama1b_kv3072_cap12,07_generation_stagger_adaptive_resume,2,8827,903,903,6,1.0,0,0,0.5,2,0,0,0,0,0,0,3.9102696889985964,2.4317073999991408,3.8826955729991823,4.102929257999676,2,2,2,2,1,0,3584.0
study02_a1_s23_llama1b_kv3072_cap12-08_balanced_burst_slai_port,slai_port,12,8146.566593005,8159.01604125,12.449448244999985,231.3355534576949,0.13409824049995223,4.465396024899791,3.8115241969994713,10.059428216199873,0.5449657210001533,0.521011436800336,0,0,0.0003797469998971792,llama1b,3072,12,23,balanced,burst,study02_a1_s23_llama1b_kv3072_cap12,08_balanced_burst_slai_port,3,9636,1008,1008,7,1.0,0,0,0.5,2,1,0,0,0,0,0,1.3037081999991642,0.45735182499993243,0,0,0,2,2,0,0,0,5760.0
study02_a1_s23_llama1b_kv3072_cap12-09_balanced_burst_growth_only,growth_only,12,8159.284329082,8173.225484489,13.941155407000224,206.58259060464067,2.211432109499583,6.787879155500195,5.570961763499781,12.59772116665067,0.15641732000040065,0.15632647870015717,0,0,0.00016411900014645653,llama1b,3072,12,23,balanced,burst,study02_a1_s23_llama1b_kv3072_cap12,09_balanced_burst_growth_only,0,8628,0,0,5,0.8848167539267016,0,0,0.5,0,0,520,508,0,0,0,0,0,0,0,0,0,0,0,0,0,5760.0
study02_a1_s23_llama1b_kv3072_cap12-10_balanced_stagger_baseline,baseline,12,8173.498547153,8191.217614894,17.71906774099989,162.53676785353727,0.07185739800024749,0.13830880609984889,2.9823081039999124,7.125827883600368,0.577891310999803,0.3231599473000184,0,0,0.00021833399932802422,llama1b,3072,12,23,balanced,stagger,study02_a1_s23_llama1b_kv3072_cap12,10_balanced_stagger_baseline,1,9160,532,532,5,1.0,0,0,0.5,1,0,0,0,0,0,0,0.5162683690004997,0.5162683690004997,0,0,0,1,1,0,0,0,5760.0
study02_a1_s23_llama1b_kv3072_cap12-11_generation_burst_baseline,baseline,12,8191.466816963,8209.67970185,18.212884886999746,238.9517106708577,0.07442501700006687,2.606479064849961,5.274138631999904,14.041771956849784,2.9463022559993988,2.13750806539956,2,4.017382380998242,0.0003019079993464291,llama1b,3072,12,23,generation,burst,study02_a1_s23_llama1b_kv3072_cap12,11_generation_burst_baseline,9,12428,4504,4504,10,1.0,0,0,0.5,4,3,0,0,0,0,0,10.137137746000008,2.867331084000398,6.721173247000479,7.017382380998242,2,4,4,2,1,0,3584.0
study02_a1_s23_llama1b_kv3072_cap12-12_generation_burst_growth_only,growth_only,12,8210.113128327,8230.552704836,20.43957650899938,212.92026271111095,0.07192936800038296,10.067489258300338,7.236599990000286,14.961184752949968,1.100951446000181,0.528574508449946,1,0.10095144600018102,0.0002329600010853028,llama1b,3072,12,23,generation,burst,study02_a1_s23_llama1b_kv3072_cap12,12_generation_burst_growth_only,1,8347,423,423,7,1.0,0,0,0.5,1,0,688,676,0,0,0,1.0548463439990883,1.0548463439990883,1.0404494729991711,1.100951446000181,1,1,1,1,0,0,3584.0
study02_a1_s23_llama1b_kv3072_cap12-13_balanced_burst_baseline,baseline,12,8230.825963631,8243.140608856,12.314645225000277,233.86788229621413,1.0098057289997087,4.594864572400548,4.978460649000226,11.576490064749668,1.0071468750011263,0.7824064151008312,1,0.007146875001126318,0.0007581250010844087,llama1b,3072,12,23,balanced,burst,study02_a1_s23_llama1b_kv3072_cap12,13_balanced_burst_baseline,4,10462,1834,1834,6,1.0,0,0,0.5,2,0,0,0,0,0,0,1.7944229889999406,0.8429476130004332,0.8289430840013665,1.0071468750011263,1,2,2,1,0,0,5760.0
study02_a1_s23_llama1b_kv3072_cap12-14_balanced_burst_adaptive_resume,adaptive_resume,12,8243.413173477,8256.016230753,12.603057276000982,228.51598123608937,1.8138006535000386,5.981349202550972,5.630681743499736,12.056947470000614,0.24818341999889526,0.2280532555491845,0,0,0.0002188990001741331,llama1b,3072,12,23,balanced,burst,study02_a1_s23_llama1b_kv3072_cap12,14_balanced_burst_adaptive_resume,2,9172,544,544,6,0.9947643979057592,0,0,0.5,0,0,0,0,0,0,0,0.3825786680008605,0.1965742880001926,0,0,0,0,0,0,0,0,5760.0
study02_a1_s23_llama1b_kv3072_cap12-15_generation_burst_slai_port,slai_port,12,8256.256119898,8270.94415723,14.688037332000022,296.2955432117902,0.06812030200035224,3.6195325206501363,3.8887490580000303,14.065434971699869,3.2453956579993246,3.079321514049934,3,4.759857136999926,0.00037205300031928346,llama1b,3072,12,23,generation,burst,study02_a1_s23_llama1b_kv3072_cap12,15_generation_burst_slai_port,6,11236,3312,3312,10,1.0,0,0,0.5,4,0,0,0,0,0,0,8.89562880899939,3.174773026999901,7.453323326000827,7.759857136999926,3,6,4,3,2,0,3584.0
study02_a1_s23_llama1b_kv3072_cap12-16_balanced_stagger_slai_port,slai_port,12,8271.231806691,8289.691663513,18.459856822000802,156.0142111485698,0.08251408449996234,0.13297807754997848,2.8003125884997644,8.104245378299947,0.8933196300004056,0.8933137428006376,0,0,0.0001698659650273271,llama1b,3072,12,23,balanced,stagger,study02_a1_s23_llama1b_kv3072_cap12,16_balanced_stagger_slai_port,1,9860,1232,1232,5,1.0,0,0,0.5,3,0,0,0,0,0,0,0.5264240970009268,0.5264240970009268,0,0,0,3,3,0,0,0,5760.0
study02_a1_s23_llama1b_kv3072_cap12-17_generation_stagger_baseline,baseline,12,8289.986218335,8314.587295458,24.601077123001232,176.90282332926867,0.06132784400051605,1.8507353147998382,5.406396863999362,13.603145127400147,3.4991908480005804,2.784090293150165,2,3.6981988690004073,0.00019211905655325268,llama1b,3072,12,23,generation,stagger,study02_a1_s23_llama1b_kv3072_cap12,17_generation_stagger_baseline,3,9402,1478,1478,6,1.0,0,0,0.5,2,1,0,0,0,0,0,5.730643556000359,3.3999659689998225,5.46475664999889,5.698198869000407,2,2,2,2,2,0,3584.0
study02_a1_s23_llama1b_kv3072_cap12-18_balanced_burst_guard128,guard128,12,8314.871916112,8329.654582753,14.782666641000105,194.8227657391831,2.4019335044995387,7.260565925850187,5.960027095999976,13.397422249449937,0.1557594739988417,0.1556068159995448,0,0,0.00037271300061547663,llama1b,3072,12,23,balanced,burst,study02_a1_s23_llama1b_kv3072_cap12,18_balanced_burst_guard128,0,8628,0,0,5,0.8848167539267016,0,0,0.5,0,0,520,508,0,0,0,0,0,0,0,0,0,0,0,0,0,5760.0
study02_a1_s23_llama1b_kv3072_cap12-19_balanced_stagger_adaptive_resume,adaptive_resume,12,8329.939347781,8348.281976356,18.342628574999253,157.01130229095952,0.07036016849997395,0.13819737859903397,3.091446086498763,7.6953126557497855,0.5035532180008886,0.2883115765511317,0,0,0.00036463499964156654,llama1b,3072,12,23,balanced,stagger,study02_a1_s23_llama1b_kv3072_cap12,19_balanced_stagger_adaptive_resume,1,9167,539,539,5,1.0,0,0,0.5,1,0,0,0,0,0,0,0.4462231880006584,0.4462231880006584,0,0,0,1,1,0,0,0,5760.0
study02_a1_s23_llama1b_kv3072_cap12-20_balanced_stagger_growth_only,growth_only,12,8348.56627764,8366.836856984,18.270579343999998,157.63046949826378,0.07632476199887606,1.1924609091502132,3.5677250749995437,8.14658892439993,0.11192777799988107,0.11191217119985594,0,0,0.00019837100080621894,llama1b,3072,12,23,balanced,stagger,study02_a1_s23_llama1b_kv3072_cap12,20_balanced_stagger_growth_only,0,8628,0,0,4,0.8900523560209423,0,0,0.5,0,0,163,151,0,0,0,0,0,0,0,0,0,0,0,0,0,5760.0
study02_a1_s23_llama1b_kv3072_cap12-21_generation_stagger_slai_port,slai_port,12,8367.07911925,8389.118199792,22.039080541999283,197.46740303918355,0.060318679999909364,1.1048928453507858,3.780793394500506,13.231174702450424,3.0590049469992664,1.580819584499839,1,2.0590049469992664,0.0005294232700823187,llama1b,3072,12,23,generation,stagger,study02_a1_s23_llama1b_kv3072_cap12,21_generation_stagger_slai_port,2,9268,1344,1344,6,1.0,0,0,0.5,1,0,0,0,0,0,0,3.302709314999447,2.9701037960003305,2.955896921999738,3.0590049469992664,1,2,1,1,1,0,3584.0
study02_a1_s23_llama1b_kv3072_cap12-22_generation_burst_guard128,guard128,12,8389.358587891,8411.464684159,22.10609626800033,196.8687708240797,0.07847368149941758,11.143891438049105,7.712685770999087,16.334570600850103,0.34553256100116414,0.3453923093499725,0,0,0.0002090349993522922,llama1b,3072,12,23,generation,burst,study02_a1_s23_llama1b_kv3072_cap12,22_generation_burst_guard128,6,11627,3703,3703,7,1.0,5,0,0.5,0,1,693,681,5,0,0,1.6286083859995415,0.278046469000401,0,0,0,5,0,0,0,0,3584.0
study02_a1_s23_llama1b_kv3072_cap12-23_generation_burst_adaptive_resume,adaptive_resume,12,8411.748160734,8433.765767109,22.01760637500047,197.65999654446577,0.0667798574995686,11.034708785950443,5.464781143999062,16.220704157950234,1.4924773380007537,1.0826851150503893,1,0.49247733800075366,0.00031636499988962896,llama1b,3072,12,23,generation,burst,study02_a1_s23_llama1b_kv3072_cap12,23_generation_burst_adaptive_resume,3,9498,1574,1574,9,1.0,0,0,0.5,2,1,0,0,0,0,0,2.2757796540026902,1.3816879330006486,1.363151158000619,1.4924773380007537,1,2,2,1,0,0,3584.0
study03_a1_s23_llama1b_kv12288_cap12-00_generation_stagger_baseline,baseline,12,8459.067045627,8479.354424092,20.287378465000074,214.51761288468595,0.0581873920000362,0.0908015102497302,3.8097386649997134,11.174925735949728,0.060681910001221695,0.06058576505129167,0,0,0.00023932698549078424,llama1b,12288,12,23,generation,stagger,study03_a1_s23_llama1b_kv12288_cap12,00_generation_stagger_baseline,0,7924,0,0,7,0.3820078226857888,0,0,0.5,0,0,0,0,0,0,0,0,0,0,0,0,0,0,0,0,0,3584.0
study03_a1_s23_llama1b_kv12288_cap12-01_generation_burst_baseline,baseline,12,8479.600976559,8491.226470183,11.625493624000228,374.34969565640824,0.0714902109994,0.11076690069994584,3.913341119499819,11.310908618350004,0.06208254900047905,0.06207335134995447,0,0,0.00013497499894582488,llama1b,12288,12,23,generation,burst,study03_a1_s23_llama1b_kv12288_cap12,01_generation_burst_baseline,0,7924,0,0,12,0.3715775749674055,0,0,0.5,0,0,0,0,0,0,0,0,0,0,0,0,0,0,0,0,0,3584.0
study03_a1_s23_llama1b_kv12288_cap12-02_generation_burst_guard128,guard128,12,8491.483667103,8503.114156652,11.630489548999321,374.1888921928005,0.0734348609994413,0.10998827604917095,3.942112875500243,11.327446605799377,0.06298488900029042,0.06289256544996533,0,0,0.00030774600054428447,llama1b,12288,12,23,generation,burst,study03_a1_s23_llama1b_kv12288_cap12,02_generation_burst_guard128,0,7924,0,0,12,0.3715775749674055,0,0,0.5,0,0,12,0,0,0,0,0,0,0,0,0,0,0,0,0,0,3584.0
study03_a1_s23_llama1b_kv12288_cap12-03_generation_stagger_guard128,guard128,12,8503.367498936,8523.579222706,20.21172376999857,215.32057579670294,0.06340988699957961,0.09292699650122813,3.7774126705007802,11.104695645750144,0.0639249319992814,0.06392275895050262,0,0,0.00012745000094582792,llama1b,12288,12,23,generation,stagger,study03_a1_s23_llama1b_kv12288_cap12,03_generation_stagger_guard128,0,7924,0,0,7,0.3820078226857888,0,0,0.5,0,0,12,0,0,0,0,0,0,0,0,0,0,0,0,0,0,3584.0
study04_a1_s77_llama1b_kv3072_cap3-00_generation_stagger_baseline,baseline,12,8548.025785667,8572.98491157,24.959125903000313,174.36508060872637,6.666733783500604,15.518567814350082,14.057198253000934,18.450613690249973,0.06294713699935528,0.06250145989897646,0,0,0.00035478651669462735,llama1b,3072,3,77,generation,stagger,study04_a1_s77_llama1b_kv3072_cap3,00_generation_stagger_baseline,0,7924,0,0,3,0.9424083769633508,0,0,0.5,0,0,0,0,0,0,0,0,0,0,0,0,0,0,0,0,0,3584.0
study04_a1_s77_llama1b_kv3072_cap3-01_generation_burst_baseline,baseline,12,8573.236398637,8595.222926606,21.986527969000235,197.93939298356133,7.587078043499787,18.83383852219986,15.373411114999726,20.613187468000433,0.06060510799943586,0.06058638984904974,0,0,0.0002814400006172918,llama1b,3072,3,77,generation,burst,study04_a1_s77_llama1b_kv3072_cap3,01_generation_burst_baseline,0,7924,0,0,3,0.9267015706806283,0,0,0.5,0,0,0,0,0,0,0,0,0,0,0,0,0,0,0,0,0,3584.0
study05_a1_s77_llama1b_kv3072_cap12-00_balanced_burst_adaptive_resume,adaptive_resume,12,8619.905351826,8634.922675189,15.017323362999377,191.77851674259904,7.498344216000078,9.274535531299716,9.340614562000155,13.719352277200231,1.1756619220013818,0.6792524034509364,1,0.17566192200138175,0.0004029869996884372,llama1b,3072,12,77,balanced,burst,study05_a1_s77_llama1b_kv3072_cap12,00_balanced_burst_adaptive_resume,2,9889,1261,1261,5,1.0,0,0,0.5,1,0,0,0,0,0,0,1.2847009859997343,1.0614892059984413,1.046728579000046,1.1756619220013818,1,2,1,1,0,0,5760.0
study05_a1_s77_llama1b_kv3072_cap12-01_balanced_stagger_guard128,guard128,12,8635.263313895,8650.721634568,15.458320673000344,186.30743021331136,5.595470852499602,6.249791867100157,7.576783284999692,10.954662220499992,0.11229658000047493,0.11223336794992064,0,0,0.0002688290005607996,llama1b,3072,12,77,balanced,stagger,study05_a1_s77_llama1b_kv3072_cap12,01_balanced_stagger_guard128,0,8628,0,0,5,0.9738219895287958,0,0,0.5,0,0,687,675,0,0,0,0,0,0,0,0,0,0,0,0,0,5760.0
study05_a1_s77_llama1b_kv3072_cap12-02_balanced_stagger_adaptive_resume,adaptive_resume,12,8651.02272072,8666.562623738,15.539903017999677,185.32934193116466,4.931847122498766,6.152304089599329,7.14053346899982,11.043791467450408,1.0213088009986677,0.6100800968499238,1,0.02130880099866772,0.00020168000082776416,llama1b,3072,12,77,balanced,stagger,study05_a1_s77_llama1b_kv3072_cap12,02_balanced_stagger_adaptive_resume,2,9864,1236,1236,5,1.0,0,0,0.5,1,0,0,0,0,0,0,1.1426140690000466,0.9161731339991093,0.8995590139984415,1.0213088009986677,1,2,1,1,0,0,5760.0
study05_a1_s77_llama1b_kv3072_cap12-03_balanced_stagger_baseline,baseline,12,8666.863698031,8682.498322853,15.63462482199975,184.20653087546447,3.0493531120000625,5.63949804490021,7.202794764999453,10.681530847249812,4.342681726999217,3.999485553350132,3,6.091773734999151,0.00015033199997560587,llama1b,3072,12,77,balanced,stagger,study05_a1_s77_llama1b_kv3072_cap12,03_balanced_stagger_baseline,4,10544,1916,1916,7,1.0,0,0,0.5,3,0,0,0,0,0,0,9.043582438998783,4.261155379999764,8.65772602799916,9.091773734999151,3,4,3,3,2,0,5760.0
study05_a1_s77_llama1b_kv3072_cap12-04_balanced_burst_baseline,baseline,12,8682.829146803,8698.113991676,15.284844873000111,188.42193191553886,7.502226890000202,8.963598306351013,9.468457482499616,13.741320881650697,3.5633499920004397,2.2857250786000787,3,2.9880849679993844,0.00019553299935065604,llama1b,3072,12,77,balanced,burst,study05_a1_s77_llama1b_kv3072_cap12,04_balanced_burst_baseline,5,10918,2290,2290,6,1.0,0,0,0.5,4,0,0,0,0,0,0,6.344954594000228,3.3973592560014367,5.511900419000085,5.988084967999384,3,5,4,3,1,0,5760.0
study05_a1_s77_llama1b_kv3072_cap12-05_generation_stagger_adaptive_resume,adaptive_resume,12,8698.362337782,8718.284127449,19.921789666999757,218.45426905641133,0.0739993545003017,10.044797287199435,11.388110462999066,14.319421608000447,9.596981214999687,7.958078580949948,3,16.649173953999707,0.00039864257818833515,llama1b,3072,12,77,generation,stagger,study05_a1_s77_llama1b_kv3072_cap12,05_generation_stagger_adaptive_resume,5,11287,3363,3363,7,1.0,0,0,0.5,4,1,0,0,0,0,0,20.28438342699701,9.455846730999838,19.174778512999183,19.649173953999707,3,4,4,3,3,2,3584.0
study05_a1_s77_llama1b_kv3072_cap12-06_balanced_burst_slai_port,slai_port,12,8718.583350401,8732.632988193,14.049637791998975,204.98749096863622,1.1662260455004798,6.253153258250129,4.332850647499981,12.643004405699866,1.6315046529998654,1.5663354224991053,3,1.878382036999028,0.00017628400019020773,llama1b,3072,12,77,balanced,burst,study05_a1_s77_llama1b_kv3072_cap12,06_balanced_burst_slai_port,7,13396,4768,4768,7,1.0,0,0,0.5,3,1,0,0,0,0,0,6.463486605998696,1.4906728810001368,5.40327624999918,5.878382036999028,3,4,3,3,0,0,5760.0
study05_a1_s77_llama1b_kv3072_cap12-07_generation_stagger_guard256,guard256,12,8732.880550799,8754.265843191,21.385292392000338,203.50434870032294,0.07060642399937933,12.435513551751228,13.10700419800014,16.038469727800294,0.4025376409990713,0.3918967772502583,0,0,0.00022804351509320142,llama1b,3072,12,77,generation,stagger,study05_a1_s77_llama1b_kv3072_cap12,07_generation_stagger_guard256,19,24268,16344,16344,5,1.0,18,0,0.5,0,4,591,579,18,0,0,5.167934432003676,0.2806482550004148,0,0,0,4,0,0,0,0,3584.0
study05_a1_s77_llama1b_kv3072_cap12-08_generation_stagger_slai_port,slai_port,12,8754.515471008,8775.072672792,20.557201783998607,211.70196438834034,0.07260252199921524,3.789462968999851,4.9595825640008115,14.799019050349303,4.75210620299913,2.757180142950162,2,4.000666547999572,0.00028255357942241766,llama1b,3072,12,77,generation,stagger,study05_a1_s77_llama1b_kv3072_cap12,08_generation_stagger_slai_port,9,13556,5632,5632,7,1.0,0,0,0.5,5,3,0,0,0,0,0,9.841304319004848,4.674675891999868,6.754857556001298,7.000666547999572,2,6,5,2,1,0,3584.0
study05_a1_s77_llama1b_kv3072_cap12-09_generation_stagger_baseline,baseline,12,8775.336204555,8794.310606271,18.974401715999193,229.36164550212925,0.07385332200010453,8.82781066509906,11.031519291999757,13.704238785000596,9.311797319998732,7.701297719948887,3,15.980402550996587,0.0001588852621923209,llama1b,3072,12,77,generation,stagger,study05_a1_s77_llama1b_kv3072_cap12,09_generation_stagger_baseline,7,11573,3649,3649,7,1.0,0,0,0.5,4,1,0,0,0,0,0,20.02268017899769,9.147541820999322,18.4682644969962,18.980402550996587,3,5,4,3,3,2,3584.0
study05_a1_s77_llama1b_kv3072_cap12-10_balanced_stagger_guard256,guard256,12,8794.625266196,8810.36391195,15.738645753999663,182.98906049576124,6.234941233999962,7.742903816450416,8.437476193000293,11.907683141199504,0.11439278599937097,0.11438135864991636,0,0,0.00027318399952491745,llama1b,3072,12,77,balanced,stagger,study05_a1_s77_llama1b_kv3072_cap12,10_balanced_stagger_guard256,0,8628,0,0,4,0.93717277486911,0,0,0.5,0,0,800,788,0,0,0,0,0,0,0,0,0,0,0,0,0,5760.0
study05_a1_s77_llama1b_kv3072_cap12-11_generation_stagger_guard128,guard128,12,8810.620615504,8831.586449522,20.96583401799944,207.57581102014598,0.07665336050013138,12.103543524450197,13.134955137000361,15.30665264109939,0.3973830930008262,0.38751909215052366,0,0,0.0001823035782260174,llama1b,3072,12,77,generation,stagger,study05_a1_s77_llama1b_kv3072_cap12,11_generation_stagger_guard128,24,27500,19576,19576,6,1.0,20,0,0.5,0,4,493,481,20,0,0,6.291260734997195,0.2794991500013566,0,0,0,5,0,0,0,0,3584.0
study05_a1_s77_llama1b_kv3072_cap12-12_balanced_burst_guard128,guard128,12,8831.873131128,8847.196994594,15.323863465999239,187.94216004274486,8.270799570000236,9.96955129075086,10.062038105499596,14.354627949550284,0.292903658000796,0.29287995740032785,0,0,0.0003252810005505702,llama1b,3072,12,77,balanced,burst,study05_a1_s77_llama1b_kv3072_cap12,12_balanced_burst_guard128,0,8628,0,0,5,0.9685863874345549,0,0,0.5,0,0,715,703,0,0,0,0,0,0,0,0,2,0,0,0,0,5760.0
study05_a1_s77_llama1b_kv3072_cap12-13_generation_burst_growth_only,growth_only,12,8847.467949524,8863.250093112,15.782143587999599,275.7546828625464,0.11294865849959024,11.784820325450074,11.884885280499475,15.35456077919962,6.4733422589997645,5.03516263204974,2,8.331812468999487,0.00017499299901824195,llama1b,3072,12,77,generation,burst,study05_a1_s77_llama1b_kv3072_cap12,13_generation_burst_growth_only,4,10780,2856,2856,7,1.0,0,0,0.5,3,1,331,319,0,0,0,11.39837732200067,6.389747441000509,10.061468758001865,10.331812468999487,2,3,3,2,2,1,3584.0
study05_a1_s77_llama1b_kv3072_cap12-14_balanced_burst_guard256,guard256,12,8863.550404791,8879.276898356,15.726493565000055,183.1304599525959,8.248928635000084,11.69434338370029,11.368432971999937,14.898034534050566,0.1196892719999596,0.11779179069917518,0,0,0.00024077600028249435,llama1b,3072,12,77,balanced,burst,study05_a1_s77_llama1b_kv3072_cap12,14_balanced_burst_guard256,0,8628,0,0,4,0.9267015706806283,0,0,0.5,0,0,840,828,0,0,0,0,0,0,0,0,0,0,0,0,0,5760.0
study05_a1_s77_llama1b_kv3072_cap12-15_generation_stagger_growth_only,growth_only,12,8879.519728012,8898.34257764,18.822849628000768,231.20834974561922,0.07545374850087683,9.618932888849486,10.774150188500244,13.986995067599855,6.235524732999693,4.601844841199634,2,7.500722389999282,0.00018743651570174436,llama1b,3072,12,77,generation,stagger,study05_a1_s77_llama1b_kv3072_cap12,15_generation_stagger_growth_only,4,10728,2804,2804,6,1.0,0,0,0.5,2,1,261,249,0,0,0,10.28355930700127,6.15921131000141,9.256537609000588,9.500722389999282,2,3,2,2,2,1,3584.0
study05_a1_s77_llama1b_kv3072_cap12-16_generation_burst_slai_port,slai_port,12,8898.588650903,8915.240173591,16.651522688000114,261.35747952565686,0.07327402850023645,2.331148881700753,4.512798423000277,14.541900129050552,2.9012237990009453,1.7782347697504504,1,3.2623453910000535,0.0001440959982573764,llama1b,3072,12,77,generation,burst,study05_a1_s77_llama1b_kv3072_cap12,16_generation_burst_slai_port,11,12932,5008,5008,10,1.0,0,0,0.5,5,3,0,0,0,0,0,8.789164518000689,2.8276971350005624,5.086281374000464,5.2623453910000535,1,6,5,1,1,0,3584.0
study05_a1_s77_llama1b_kv3072_cap12-17_generation_burst_adaptive_resume,adaptive_resume,12,8915.489502376,8931.222487111,15.732984734999263,276.61629838860983,0.09472058700066555,11.782842725200316,11.503407868999602,15.305481435249657,6.62547550599993,5.101201145049979,2,8.479543082999953,0.00044019100023429125,llama1b,3072,12,77,generation,burst,study05_a1_s77_llama1b_kv3072_cap12,17_generation_burst_adaptive_resume,5,11422,3498,3498,8,1.0,0,0,0.5,3,1,0,0,0,0,0,11.644919712000046,6.549069578999479,10.21632181700079,10.479543082999953,2,3,3,2,2,1,3584.0
study05_a1_s77_llama1b_kv3072_cap12-18_balanced_stagger_slai_port,slai_port,12,8931.525604725,8946.868750383,15.34314565800014,187.70596748511775,2.8019601990008596,8.06349108625036,7.781980433500394,11.197763565200603,3.3719031180007732,2.224258619999726,2,2.6571798759996454,0.00015665300088585354,llama1b,3072,12,77,balanced,stagger,study05_a1_s77_llama1b_kv3072_cap12,18_balanced_stagger_slai_port,4,11732,3104,3104,5,1.0,0,0,0.5,4,0,0,0,0,0,0,6.06717521399878,3.1488500669984205,4.271725205999246,4.6571798759996454,2,4,4,2,1,0,5760.0
study05_a1_s77_llama1b_kv3072_cap12-19_balanced_burst_growth_only,growth_only,12,8947.169534526,8962.077962797,14.908428271000957,193.17931760801474,8.221053264000147,9.966897273150062,10.056001896999987,14.013585411500843,0.11711245500009682,0.11703910480046034,0,0,0.00030120499832264613,llama1b,3072,12,77,balanced,burst,study05_a1_s77_llama1b_kv3072_cap12,19_balanced_burst_growth_only,0,8628,0,0,5,0.9685863874345549,0,0,0.5,0,0,715,703,0,0,0,0,0,0,0,0,0,0,0,0,0,5760.0
study05_a1_s77_llama1b_kv3072_cap12-20_generation_burst_baseline,baseline,12,8962.332922144,8977.788174575,15.45525243100019,281.58711864652213,0.09540427099909721,5.5815043654998515,11.787417976500365,14.755441997000888,10.41626514499876,10.164830193099078,5,35.73567589699633,0.00015143299897313334,llama1b,3072,12,77,generation,burst,study05_a1_s77_llama1b_kv3072_cap12,20_generation_burst_baseline,8,12278,4354,4354,9,1.0,0,0,0.5,6,1,0,0,0,0,0,41.48040423800012,10.366489594000086,39.991908328000136,40.73567589699633,5,6,6,5,5,4,3584.0
study05_a1_s77_llama1b_kv3072_cap12-21_balanced_stagger_growth_only,growth_only,12,8978.082297161,8993.530635457,15.448338296000657,186.4278179838662,5.583615484500115,6.236519879699699,7.548184309500357,10.939374311650134,0.11639169800037052,0.11632948200003738,0,0,0.0001956309988599969,llama1b,3072,12,77,balanced,stagger,study05_a1_s77_llama1b_kv3072_cap12,21_balanced_stagger_growth_only,0,8628,0,0,5,0.9738219895287958,0,0,0.5,0,0,688,676,0,0,0,0,0,0,0,0,0,0,0,0,0,5760.0
study05_a1_s77_llama1b_kv3072_cap12-22_generation_burst_guard128,guard128,12,8993.785144738,9012.935351531,19.150206792999597,227.25603159496345,0.09716653949999454,15.232898907650725,15.133670621999954,18.722672052900634,0.4729283790002228,0.46313751770003364,0,0,0.0002485739994881331,llama1b,3072,12,77,generation,burst,study05_a1_s77_llama1b_kv3072_cap12,22_generation_burst_guard128,36,39609,31685,31685,7,1.0,28,0,0.5,0,4,491,479,32,0,0,8.90814977899754,0.2920847940004023,0,0,0,5,0,0,0,0,3584.0
study05_a1_s77_llama1b_kv3072_cap12-23_generation_burst_guard256,guard256,12,9013.17787693,9031.870550214,18.692673284000193,232.81849170953257,0.8790612755001348,14.729265024549386,14.758132966499943,18.265151131400124,0.4721205369987729,0.4418592311991233,0,0,0.0001905429995531227,llama1b,3072,12,77,generation,burst,study05_a1_s77_llama1b_kv3072_cap12,23_generation_burst_guard256,24,28900,20976,20976,5,1.0,21,0,0.5,0,4,644,632,23,0,0,6.190176634996533,0.2887171459988167,0,0,0,4,0,0,0,0,3584.0
study06_a1_s77_qwen1.5b_kv3072_cap6-00_generation_burst_guard128,guard128,12,9055.136730617,9082.0459062,26.909175583001343,161.7292208219556,0.6853000735000023,21.765377469050236,21.89700058100061,26.481486885150115,0.5656354519996967,0.546749068549343,0,0,0.00018068299868900795,qwen1.5b,3072,6,77,generation,burst,study06_a1_s77_qwen1.5b_kv3072_cap6,00_generation_burst_guard128,47,49042,41118,41118,6,1.0,40,0,0.5,3,4,331,319,44,0,0,12.35955920298693,0.3065057699986937,0,0,0,5,3,0,0,0,3584.0
study06_a1_s77_qwen1.5b_kv3072_cap6-01_generation_burst_baseline,baseline,12,9082.267834202,9102.275842023,20.00800782099941,217.51290977767198,0.7425069930004611,14.293368650401316,14.883467402500173,19.127429384851165,7.958736563999992,6.109461273499889,3,10.593784507998862,0.00016973499841693718,qwen1.5b,3072,6,77,generation,burst,study06_a1_s77_qwen1.5b_kv3072_cap6,01_generation_burst_baseline,5,10916,2992,2992,6,1.0,0,0,0.5,3,1,0,0,0,0,0,13.384349582996947,7.559326385999157,12.717644031998134,13.593784507998862,3,3,3,3,2,1,3584.0
study06_a1_s77_qwen1.5b_kv3072_cap6-02_generation_burst_slai_port,slai_port,12,9102.535084527,9122.491693833,19.956609306000246,218.0731171948888,0.6219509849997849,10.553034242850293,10.244185742499212,18.755467232950558,4.084763028000452,4.080729524899925,3,8.541689274001328,0.0002318029986781711,qwen1.5b,3072,6,77,generation,burst,study06_a1_s77_qwen1.5b_kv3072_cap6,02_generation_burst_slai_port,4,10612,2688,2688,6,1.0,0,0,0.5,3,1,0,0,0,0,0,12.102778569000293,3.986186660000385,11.987773369000934,12.541689274001328,3,3,3,3,3,0,3584.0
study06_a1_s77_qwen1.5b_kv3072_cap6-03_generation_stagger_slai_port,slai_port,12,9122.719785753,9146.17817247,23.458386716998575,185.52000410353983,0.10178498949971981,8.480149475000136,6.267777558000489,18.9761681346994,4.433027105000292,2.7213228695508382,2,3.7538646910015814,0.0003911225162336329,qwen1.5b,3072,6,77,generation,stagger,study06_a1_s77_qwen1.5b_kv3072_cap6,03_generation_stagger_slai_port,5,11300,3376,3376,6,1.0,0,0,0.5,3,1,0,0,0,0,0,7.238102204000825,4.276257949000865,5.4537485700020625,5.753864691001581,2,4,3,2,1,0,3584.0
study06_a1_s77_qwen1.5b_kv3072_cap6-04_generation_burst_adaptive_resume,adaptive_resume,12,9146.398180872,9166.099750198,19.701569326000026,220.89610873062256,0.657229627999186,14.722776507550407,14.497972954999568,19.262307608100492,7.841203759999189,6.049731131999668,3,10.470604262998677,0.00022925799821676973,qwen1.5b,3072,6,77,generation,burst,study06_a1_s77_qwen1.5b_kv3072_cap6,04_generation_burst_adaptive_resume,4,10772,2848,2848,6,1.0,0,0,0.5,3,1,0,0,0,0,0,13.315205930997763,7.5344937139998365,12.682836388998112,13.470604262998677,3,3,3,3,2,1,3584.0
study06_a1_s77_qwen1.5b_kv3072_cap6-05_generation_stagger_adaptive_resume,adaptive_resume,12,9166.322660662,9188.846108101,22.523447438999938,193.22086513560967,0.09749970600023516,12.718929681600821,13.622461303500131,17.72916945994939,7.91475877800076,5.921384647999545,2,10.205200955999317,0.0003689279983518645,qwen1.5b,3072,6,77,generation,stagger,study06_a1_s77_qwen1.5b_kv3072_cap6,05_generation_stagger_adaptive_resume,4,10763,2839,2839,6,1.0,0,0,0.5,3,1,0,0,0,0,0,13.29342226100016,7.805916856001204,11.84824566700081,12.205200955999317,2,3,3,2,2,1,3584.0
study06_a1_s77_qwen1.5b_kv3072_cap6-06_generation_stagger_guard128,guard128,12,9189.067622607,9216.282364495,27.21474188799948,159.9133299852843,0.0956514759991478,17.492043311450015,18.51917867300017,21.555461633699995,0.56261577999976,0.5246073029006766,0,0,0.000255031000051531,qwen1.5b,3072,6,77,generation,stagger,study06_a1_s77_qwen1.5b_kv3072_cap6,06_generation_stagger_guard128,39,39486,31562,32585,6,1.0,35,0,0.5,1,4,357,345,37,1023,1,10.275237373005439,0.3056221379993076,0,0,0,6,1,0,0,0,3584.0
study06_a1_s77_qwen1.5b_kv3072_cap6-07_generation_stagger_guard256,guard256,12,9216.593236034,9244.159430207,27.56619417300135,157.87453185185785,0.10139047950087843,17.80348135989916,18.344321232000766,22.29946148474928,0.5614822309998999,0.5312476629001139,0,0,0.00025577551649247354,qwen1.5b,3072,6,77,generation,stagger,study06_a1_s77_qwen1.5b_kv3072_cap6,07_generation_stagger_guard256,33,36980,29056,29056,5,1.0,30,0,0.5,2,4,594,582,32,0,0,8.926201595004386,0.3015293850003218,0,0,0,4,2,0,0,0,3584.0
study06_a1_s77_qwen1.5b_kv3072_cap6-08_generation_burst_growth_only,growth_only,12,9244.383638054,9264.150132972,19.766494917999808,220.17054708252664,0.6483389264994912,14.47669119714983,14.567361270500442,19.066083903899017,7.909195737000118,6.107261331850712,3,10.583881847000157,0.00019491199964249972,qwen1.5b,3072,6,77,generation,burst,study06_a1_s77_qwen1.5b_kv3072_cap6,08_generation_burst_growth_only,4,10772,2848,2848,6,1.0,0,0,0.5,3,1,138,126,0,0,0,13.444708258999526,7.611859595999704,12.81580588900033,13.583881847000157,3,3,3,3,2,1,3584.0
study06_a1_s77_qwen1.5b_kv3072_cap6-09_generation_stagger_baseline,baseline,12,9264.373097303,9286.883574139,22.510476835999725,193.33219956674102,0.10003165000034642,11.971021792499231,13.582089608999013,17.510247066549162,7.976524253999742,5.951888786749166,2,10.271893112998441,0.00022145699949760456,qwen1.5b,3072,6,77,generation,stagger,study06_a1_s77_qwen1.5b_kv3072_cap6,09_generation_stagger_baseline,5,10898,2974,2974,6,1.0,0,0,0.5,3,1,0,0,0,0,0,13.548057359999802,7.768811444999301,11.816541868998684,12.271893112998441,2,4,3,2,2,1,3584.0
study06_a1_s77_qwen1.5b_kv3072_cap6-10_generation_stagger_growth_only,growth_only,12,9287.111557457,9309.646736613,22.535179156000595,193.12027518721382,0.09543331450004189,12.458323034949352,13.525495506501102,17.748214754049968,7.887808348001272,5.9280829336511465,2,10.21247957900232,0.00034447751430333184,qwen1.5b,3072,6,77,generation,stagger,study06_a1_s77_qwen1.5b_kv3072_cap6,10_generation_stagger_growth_only,4,10757,2833,2833,6,1.0,0,0,0.5,3,1,128,116,0,0,0,13.316957173999981,7.784106697001334,11.860968137001692,12.21247957900232,2,3,3,2,2,1,3584.0
study06_a1_s77_qwen1.5b_kv3072_cap6-11_generation_burst_guard256,guard256,12,9309.877704206,9335.076879619,25.199175413001285,172.70406387006716,1.1921359414991457,20.35140554005047,20.39560427699962,24.762637123350213,0.5633827219990053,0.5328019789502831,0,0,0.00013256500096758828,qwen1.5b,3072,6,77,generation,burst,study06_a1_s77_qwen1.5b_kv3072_cap6,11_generation_burst_guard256,37,40387,32463,32463,5,1.0,32,0,0.5,2,4,661,649,36,0,0,9.741413702999125,0.30378145500071696,0,0,0,4,2,0,0,0,3584.0
study07_a1_s77_llama1b_kv12288_cap12-00_generation_stagger_guard128,guard128,12,9359.994253603,9375.505814782,15.511561179000637,280.5649250761222,0.05375561199980439,0.08525766664934054,3.8048041484998976,11.14852749110023,0.0640886520013737,0.06404358610025156,0,0,0.00024394499814661685,llama1b,12288,12,77,generation,stagger,study07_a1_s77_llama1b_kv12288_cap12,00_generation_stagger_guard128,0,7924,0,0,10,0.3741851368970013,0,0,0.5,0,0,12,0,0,0,0,0,0,0,0,0,0,0,0,0,0,3584.0
study07_a1_s77_llama1b_kv12288_cap12-01_generation_burst_baseline,baseline,12,9375.770756057,9387.207450917,11.436694859999989,380.52951952239147,0.07102836850026506,0.11527519105029568,3.907625820499561,11.235620580599242,0.06200544000057562,0.061962269950163316,0,0,0.0002360589995077933,llama1b,12288,12,77,generation,burst,study07_a1_s77_llama1b_kv12288_cap12,01_generation_burst_baseline,0,7924,0,0,12,0.36766623207301175,0,0,0.5,0,0,0,0,0,0,0,0,0,0,0,0,0,0,0,0,0,3584.0
study07_a1_s77_llama1b_kv12288_cap12-02_generation_stagger_baseline,baseline,12,9387.480832423,9403.007260096,15.526427672999489,280.2962852535708,0.056888085499849694,0.08901271089907822,3.8267953234990273,11.157328639701063,0.06266854299974511,0.062146746450252977,0,0,0.0002744415778985765,llama1b,12288,12,77,generation,stagger,study07_a1_s77_llama1b_kv12288_cap12,02_generation_stagger_baseline,0,7924,0,0,10,0.3715775749674055,0,0,0.5,0,0,0,0,0,0,0,0,0,0,0,0,0,0,0,0,0,3584.0
study07_a1_s77_llama1b_kv12288_cap12-03_generation_burst_guard128,guard128,12,9403.27414866,9414.69827275,11.424124089999168,380.9482430088272,0.07269345900022017,0.11897366029870682,3.8388993224998558,11.22441518320029,0.066953931000171,0.06687289784949826,0,0,0.00032653000016580336,llama1b,12288,12,77,generation,burst,study07_a1_s77_llama1b_kv12288_cap12,03_generation_burst_guard128,0,7924,0,0,12,0.36766623207301175,0,0,0.5,0,0,12,0,0,0,0,0,0,0,0,0,0,0,0,0,0,3584.0
study08_a1_s381_llama1b_kv3072_cap12-00_long_stagger_guard_relaxed,guard_relaxed,12,9439.113475506,9498.170636721,59.05716121500154,125.70871757571334,0.06996572599928186,14.82760387520064,9.474590134500431,44.854724111500765,0.8366780479991576,0.8221573340998475,0,0,0.00029544099925260525,llama1b,3072,12,381,long,stagger,study08_a1_s381_llama1b_kv3072_cap12,00_long_stagger_guard_relaxed,119,150118,139122,139122,4,1.0,84,0,1.0,0,5,261,249,112,0,0,55.0101864390017,0.6617249239989178,0,0,0,5,5,0,0,0,3584.0
study08_a1_s381_llama1b_kv3072_cap12-01_long_burst_baseline,baseline,12,9498.402729339,9542.05900345,43.65627411099922,170.0557400094187,0.09929135250058607,2.214985533948673,4.301918647999628,38.208663999950105,13.660950952000348,12.377229314449412,4,32.14364758499869,0.0002380660007474944,llama1b,3072,12,381,long,burst,study08_a1_s381_llama1b_kv3072_cap12,01_long_burst_baseline,9,16258,5262,5262,9,1.0,0,0,0.5,4,2,0,0,0,0,0,39.0794419920021,13.391216066998822,37.998100831000556,39.14364758499869,4,4,4,4,4,2,3584.0
study08_a1_s381_llama1b_kv3072_cap12-02_long_burst_guard_relaxed,guard_relaxed,12,9542.296435963,9616.437948202,74.14151223899898,100.13283754003227,0.5221507364994977,8.61625166485064,5.917926377499498,71.80110819364981,0.8456219039999269,0.8361918041997342,0,0,0.0009205539998219936,llama1b,3072,12,381,long,burst,study08_a1_s381_llama1b_kv3072_cap12,02_long_burst_guard_relaxed,232,338894,327898,327898,6,1.0,180,0,1.0,0,4,669,657,226,0,0,117.37142211396895,0.7108481489995029,0,0,0,4,4,0,0,0,3584.0
study08_a1_s381_llama1b_kv3072_cap12-03_long_stagger_slai_port,slai_port,12,9616.66563139,9663.259843249,46.59421185899919,159.33309533094143,0.07219722650006588,6.009603602500006,3.68231271950026,32.70803224899964,8.00096146299984,6.580044569449544,2,17.470221338000556,0.0002487959991412936,llama1b,3072,12,381,long,stagger,study08_a1_s381_llama1b_kv3072_cap12,03_long_stagger_slai_port,5,15540,4544,4544,4,1.0,0,0,0.5,3,2,0,0,0,0,0,21.692266347998157,7.861466967999149,20.908683892002955,21.470221338000556,2,3,3,2,2,2,3584.0
study08_a1_s381_llama1b_kv3072_cap12-04_long_burst_guard_fast,guard_fast,12,9663.489455342,9902.686754568,239.1972992259998,31.03713973369579,0.521399914999165,8.118867101900104,5.87562168850036,237.05096010029985,0.7135782280001877,0.7121756130495669,0,0,0.00025110699971264694,llama1b,3072,12,381,long,burst,study08_a1_s381_llama1b_kv3072_cap12,04_long_burst_guard_fast,1455,2010357,1999361,2003071,6,1.0,1192,0,0.25,4,5,668,656,1452,3710,2,445.0780282880114,0.5045068569997966,0,0,0,4,4,0,0,0,3584.0
study08_a1_s381_llama1b_kv3072_cap12-05_long_burst_guard128,guard128,12,9903.101692842,10064.594136228,161.49244338599965,45.9711912479715,0.5518825184999514,8.361900604150286,5.9191209880000315,159.72228696145004,0.7081627019997541,0.7071283890499217,0,0,0.00014383199959411286,llama1b,3072,12,381,long,burst,study08_a1_s381_llama1b_kv3072_cap12,05_long_burst_guard128,864,1227602,1216606,1218269,6,1.0,697,0,0.5,4,4,669,657,858,1663,1,316.02070837697465,0.497782421998636,0,0,0,4,4,0,0,0,3584.0
study08_a1_s381_llama1b_kv3072_cap12-06_long_stagger_guard128,guard128,12,10064.827833971,10165.805846612,100.97801264100053,73.5209557588936,0.07110492200081353,3.8703943949997663,4.750745817499592,86.4219615156001,0.625669688999551,0.6162366841005678,0,0,0.0001439849984308239,llama1b,3072,12,381,long,stagger,study08_a1_s381_llama1b_kv3072_cap12,06_long_stagger_guard128,472,572550,561554,561554,5,1.0,346,0,0.5,5,6,248,236,468,0,0,126.59688336400177,0.47361630400155263,0,0,0,6,5,0,0,0,3584.0
study08_a1_s381_llama1b_kv3072_cap12-07_long_stagger_guard_fast,guard_fast,12,10166.034957655,10338.371225596,172.3362679410002,43.078570104243106,0.07649160849996406,3.5836159061504986,6.295491596500142,158.28820747375002,0.6929192600000533,0.6622751624505326,0,0,0.00024381082316926594,llama1b,3072,12,381,long,stagger,study08_a1_s381_llama1b_kv3072_cap12,07_long_stagger_guard_fast,1046,1305183,1294187,1296169,5,1.0,820,0,0.25,6,6,246,234,1044,1982,2,229.2080071720302,0.5197517430005973,0,0,0,6,5,0,0,0,3584.0
study08_a1_s381_llama1b_kv3072_cap12-08_long_burst_slai_port,slai_port,12,10338.618936307,10379.349447113,40.730510805999074,182.2712225574775,0.08795133599960536,1.0252114708498992,5.379725193999548,37.05913618699987,11.397624152999924,8.853063840749742,6,34.83874175300116,0.00020240100093360525,llama1b,3072,12,381,long,burst,study08_a1_s381_llama1b_kv3072_cap12,08_long_burst_slai_port,18,25476,14480,14480,10,1.0,0,0,0.5,6,5,0,0,0,0,0,47.50088135700025,11.311713572000372,44.49326631800068,45.83874175300116,6,7,6,6,4,3,3584.0
study08_a1_s381_llama1b_kv3072_cap12-09_long_stagger_baseline,baseline,12,10379.589125552,10426.607604858,47.01847930599979,157.8953660258566,0.07425096550014132,9.34781073320055,6.898660776500947,30.741360108050316,9.111412019999989,7.636340170099537,4,15.905865423999785,0.0003396889987925533,llama1b,3072,12,381,long,stagger,study08_a1_s381_llama1b_kv3072_cap12,09_long_stagger_baseline,6,15479,4483,4483,5,1.0,0,0,0.5,4,1,0,0,0,0,0,20.449898156997733,8.840592538999772,20.038401400997827,20.905865423999785,4,4,4,4,3,2,3584.0
study08_a1_s381_llama1b_kv3072_cap12-10_long_stagger_guard256,guard256,12,10426.837232408,10508.042598581,81.20536617300058,91.42252969075774,0.3257794799992553,28.032116807500078,9.605787111499922,65.32838937030029,0.6181789719994413,0.6049165464493853,0,0,0.0003347099991515279,llama1b,3072,12,381,long,stagger,study08_a1_s381_llama1b_kv3072_cap12,10_long_stagger_guard256,312,355052,344056,346103,3,1.0,195,0,0.5,4,6,541,529,308,2047,1,71.46699866297968,0.45025515900124446,0,0,0,5,4,0,0,0,3584.0
study08_a1_s381_llama1b_kv3072_cap12-11_long_burst_guard256,guard256,12,10508.268721525,10603.249927743,94.98120621799899,78.16283131802497,2.775965837498916,66.44456354705035,15.360326248999627,85.65218467019984,0.5721699400000944,0.5701046498494179,0,0,0.0002148670009773923,llama1b,3072,12,381,long,burst,study08_a1_s381_llama1b_kv3072_cap12,11_long_burst_guard256,344,457212,446216,447879,5,1.0,222,0,0.5,3,6,978,966,341,1663,1,82.57240283500869,0.36991725000007136,0,0,0,4,3,0,0,0,3584.0
