seed,arrival,policy,default_gain_ratio,gain_retained,low_throughput,default_throughput,policy_throughput
23,stagger,guard128,-0.02953197737514246,,182.28609207626815,176.90282332926867,201.38101677156473
23,stagger,guard256,-0.02953197737514246,,182.28609207626815,176.90282332926867,190.3283828934973
23,stagger,growth_only,-0.02953197737514246,,182.28609207626815,176.90282332926867,202.22578501759864
23,stagger,adaptive_resume,-0.02953197737514246,,182.28609207626815,176.90282332926867,207.8997361781834
23,stagger,slai_port,-0.02953197737514246,,182.28609207626815,176.90282332926867,197.46740303918355
23,burst,guard256,0.3611264126912046,0.4980006888152138,175.55438528182324,238.9517106708577,207.12629699460464
23,burst,growth_only,0.3611264126912046,0.5893920161456956,175.55438528182324,238.9517106708577,212.92026271111095
23,burst,slai_port,0.3611264126912046,1.9045150120930967,175.55438528182324,238.9517106708577,296.2955432117902
23,burst,guard128,0.3611264126912046,0.33620322957572435,175.55438528182324,238.9517106708577,196.8687708240797
23,burst,adaptive_resume,0.3611264126912046,0.34868365703115345,175.55438528182324,238.9517106708577,197.65999654446577
77,stagger,adaptive_resume,0.31541042909167505,0.8016716777337067,174.36508060872637,229.36164550212925,218.45426905641133
77,stagger,guard256,0.31541042909167505,0.5298379662089036,174.36508060872637,229.36164550212925,203.50434870032294
77,stagger,slai_port,0.31541042909167505,0.6788948337406565,174.36508060872637,229.36164550212925,211.70196438834034
77,stagger,guard128,0.31541042909167505,0.6038691775711869,174.36508060872637,229.36164550212925,207.57581102014598
77,stagger,growth_only,0.31541042909167505,1.0335785379881333,174.36508060872637,229.36164550212925,231.20834974561922
77,burst,growth_only,0.42259261485109056,0.930273827079577,197.93939298356133,281.58711864652213,275.7546828625464
77,burst,slai_port,0.42259261485109056,0.7581567345611292,197.93939298356133,281.58711864652213,261.35747952565686
77,burst,adaptive_resume,0.42259261485109056,0.9405743525180701,197.93939298356133,281.58711864652213,276.61629838860983
77,burst,guard128,0.42259261485109056,0.35047741440725766,197.93939298356133,281.58711864652213,227.25603159496345
77,burst,guard256,0.42259261485109056,0.416976055828565,197.93939298356133,281.58711864652213,232.81849170953257
