model,slots,cap,seed,mix,arrival,trial,policy,index,input,output,ttft,completion,max_gap,evictions,replay,lost,terminal_discard,engine_max_gap,wait_covered_gt1_gaps_s,total_gt1_gaps_s,budget,budget_miss,token_sha256,gap_gt_0.25,gap_gt_0.5,gap_gt_1,gap_gt_2,gap_gt_5
llama1b,3072,12,23,generation,stagger,diag00_a1_s23_llama1b_kv3072_cap12-00_generation_stagger_growth_only,growth_only,0,512,256,0.06427695399997901,3.604078809999919,0.03574025499983691,0,0,0,0,0.035022299000047497,0,0,0.5,False,c54e21bfabaac286f2960213cbbcbb0b16f7c55c5b3540f0cef69a8cadd19db2,False,False,False,False,False
llama1b,3072,12,23,generation,stagger,diag00_a1_s23_llama1b_kv3072_cap12-00_generation_stagger_growth_only,growth_only,5,128,64,0.05114766399947257,0.9615977069997825,0.01937986400025693,0,0,0,0,0.019131850999656308,0,0,0.5,False,35a387bd665a60a3ad812ad653d438950adc76575144ff7f6bb8a75ac1dad37e,False,False,False,False,False
llama1b,3072,12,23,generation,stagger,diag00_a1_s23_llama1b_kv3072_cap12-00_generation_stagger_growth_only,growth_only,4,128,256,0.05068874999960826,3.724844032999499,0.024905537999984517,0,0,0,0,0.024734546999752638,0,0,0.5,False,b72590f97ced50e685891449e70110503671d435507ae8afb945e50ee279fa03,False,False,False,False,False
llama1b,3072,12,23,generation,stagger,diag00_a1_s23_llama1b_kv3072_cap12-00_generation_stagger_growth_only,growth_only,1,256,768,0.06808068499958608,10.971332205999715,0.03397091700026067,0,0,0,0,0.0336503710004763,0,0,0.5,False,ff2c625d728a9a95e9e96a47a6f55459f435d876cddb130d6cef7559e5698664,False,False,False,False,False
llama1b,3072,12,23,generation,stagger,diag00_a1_s23_llama1b_kv3072_cap12-00_generation_stagger_growth_only,growth_only,2,256,768,0.06186364399945887,11.03260520099957,0.06861549600034778,0,0,0,0,0.06797998799993366,0,0,0.5,False,ff2c625d728a9a95e9e96a47a6f55459f435d876cddb130d6cef7559e5698664,False,False,False,False,False
llama1b,3072,12,23,generation,stagger,diag00_a1_s23_llama1b_kv3072_cap12-00_generation_stagger_growth_only,growth_only,7,128,64,4.453150824000659,5.432471922000332,0.08060501500040118,0,0,0,0,0.08024118400044244,0,0,0.5,False,35a387bd665a60a3ad812ad653d438950adc76575144ff7f6bb8a75ac1dad37e,False,False,False,False,False
llama1b,3072,12,23,generation,stagger,diag00_a1_s23_llama1b_kv3072_cap12-00_generation_stagger_growth_only,growth_only,6,512,64,5.194914310999593,6.1745394439994925,0.08061405599983118,0,0,0,0,0.08024877699972421,0,0,0.5,False,7bc3f35a21678b9442a9428d42b64926474b14f235d6b8ada18a501c6d8067d7,False,False,False,False,False
llama1b,3072,12,23,generation,stagger,diag00_a1_s23_llama1b_kv3072_cap12-00_generation_stagger_growth_only,growth_only,3,128,768,0.04961969099986163,11.220634229000098,0.08080224199966324,0,0,0,0,0.08024226500037912,0,0,0.5,False,9397f4f97720ee715c2d8c280a316e97d88baa87e2b6a55a47f753d2ce9c1703,False,False,False,False,False
llama1b,3072,12,23,generation,stagger,diag00_a1_s23_llama1b_kv3072_cap12-00_generation_stagger_growth_only,growth_only,11,256,64,1.4827372659992761,2.3754239929994583,0.019066285000008065,0,0,0,0,0.01909500500005379,0,0,0.5,False,2147cb95e9e3c0e31e798ff3104db21bbcf50fc2b5489b269bceba058c7ce536,False,False,False,False,False
llama1b,3072,12,23,generation,stagger,diag00_a1_s23_llama1b_kv3072_cap12-00_generation_stagger_growth_only,growth_only,8,512,256,4.261518413999511,7.962916419999601,0.06595897500028514,0,0,0,0,0.06555240899979253,0,0,0.5,False,c54e21bfabaac286f2960213cbbcbb0b16f7c55c5b3540f0cef69a8cadd19db2,False,False,False,False,False
llama1b,3072,12,23,generation,stagger,diag00_a1_s23_llama1b_kv3072_cap12-00_generation_stagger_growth_only,growth_only,9,256,256,4.094703585999923,7.795971618000294,0.06608954500006803,0,0,0,0,0.06555409900011,0,0,0.5,False,0a1b94b501ef8cfb8e4e1c6fb3b68cfd11d2cb4d24184ce7130f5cba0d1ad422,False,False,False,False,False
llama1b,3072,12,23,generation,stagger,diag00_a1_s23_llama1b_kv3072_cap12-00_generation_stagger_growth_only,growth_only,10,512,768,2.8049068629998146,13.637764470000548,0.03818159700040269,0,0,0,0,0.038087106000602944,0,0,0.5,False,5817b4dcffa7efb08ba38ddb4f9539dd96ab162946ef6ae2bd78d83a83799a46,False,False,False,False,False
llama1b,3072,12,23,long,burst,diag00_a1_s23_llama1b_kv3072_cap12-01_long_burst_guard_relaxed,guard_relaxed,2,128,64,0.05617853300009301,1.0669359560006342,0.0619726040004025,0,0,0,0,0.06169320099979814,0,0,1.0,False,8b8501f1b24723ead2a4fbbde0fde269428ad4dd41285c76cf1bb93616f371fc,False,False,False,False,False
llama1b,3072,12,23,long,burst,diag00_a1_s23_llama1b_kv3072_cap12-01_long_burst_guard_relaxed,guard_relaxed,6,256,64,0.06204072400032601,0.973940083999878,0.01994931499939412,0,0,0,0,0.01948093900045933,0,0,1.0,False,c3f03bc4d51ebae25202c36e5817a03529f68f149f75eecdbc70a07fc3c07a1e,False,False,False,False,False
llama1b,3072,12,23,long,burst,diag00_a1_s23_llama1b_kv3072_cap12-01_long_burst_guard_relaxed,guard_relaxed,0,256,256,0.04849402099989675,3.874811779999618,0.06554019699979108,0,0,0,0,0.06509364199973788,0,0,1.0,False,ed1b1deb76a8e15efeddce1d6e260f212e4c77d8d76e883756296bda3d6121fb,False,False,False,False,False
llama1b,3072,12,23,long,burst,diag00_a1_s23_llama1b_kv3072_cap12-01_long_burst_guard_relaxed,guard_relaxed,3,512,256,0.08371301200077141,3.8854177940002046,0.07104337000055239,0,0,0,0,0.07092599399948085,0,0,1.0,False,4d8619df501f5edc0203d21967bdbc3ce2912a8f00785ec5f5a1dcdf178c5ab4,False,False,False,False,False
llama1b,3072,12,23,long,burst,diag00_a1_s23_llama1b_kv3072_cap12-01_long_burst_guard_relaxed,guard_relaxed,4,128,256,0.0660274619995107,3.8608103480000864,0.07085804999951506,0,0,0,0,0.07092575499973464,0,0,1.0,False,d0f4de4a54841d78fd5f8abdcf6a40d46ce003a5dcad44426f73f12e9e0bde94,False,False,False,False,False
llama1b,3072,12,23,long,burst,diag00_a1_s23_llama1b_kv3072_cap12-01_long_burst_guard_relaxed,guard_relaxed,8,512,64,3.73755650000021,4.644305632000396,0.019488128000375582,0,0,0,0,0.019555318000129773,0,0,1.0,False,041016b6c3176eec49523d885fdbd7406b04a21e701f86d1a6f21c658ec24211,False,False,False,False,False
llama1b,3072,12,23,long,burst,diag00_a1_s23_llama1b_kv3072_cap12-01_long_burst_guard_relaxed,guard_relaxed,7,512,256,1.0048091740000018,5.282090515000164,0.5596466719998716,1,656,656,0,0.5594249859996125,0,0,1.0,False,4d8619df501f5edc0203d21967bdbc3ce2912a8f00785ec5f5a1dcdf178c5ab4,True,True,False,False,False
llama1b,3072,12,23,long,burst,diag00_a1_s23_llama1b_kv3072_cap12-01_long_burst_guard_relaxed,guard_relaxed,10,256,64,5.194346120999398,6.105428031999509,0.019547170000805636,0,0,0,0,0.019721448000382225,0,0,1.0,False,c3f03bc4d51ebae25202c36e5817a03529f68f149f75eecdbc70a07fc3c07a1e,False,False,False,False,False
llama1b,3072,12,23,long,burst,diag00_a1_s23_llama1b_kv3072_cap12-01_long_burst_guard_relaxed,guard_relaxed,1,256,1536,0.06641463300002215,61.22419100499974,0.8078833569998096,53,82064,82064,0,0.8079625069995018,0,0,1.0,False,40b6a6a571a0e97bba71a382363484132d4f26638e8ab0c398269564b906c685,True,True,False,False,False
llama1b,3072,12,23,long,burst,diag00_a1_s23_llama1b_kv3072_cap12-01_long_burst_guard_relaxed,guard_relaxed,5,128,1536,0.05898329200044827,64.94413273600003,0.8945658789998561,58,83244,83244,0,0.8945099820002724,0,0,1.0,False,4502d16355644e9736e3c0b5387c996c63eb19ae8576d6ae4715f7f9b1f4951e,True,True,False,False,False
llama1b,3072,12,23,long,burst,diag00_a1_s23_llama1b_kv3072_cap12-01_long_burst_guard_relaxed,guard_relaxed,11,128,1536,5.144247790999543,73.6878525029997,0.8215994539996245,69,83596,83596,0,0.821345499999552,0,0,1.0,False,4502d16355644e9736e3c0b5387c996c63eb19ae8576d6ae4715f7f9b1f4951e,True,True,False,False,False
llama1b,3072,12,23,long,burst,diag00_a1_s23_llama1b_kv3072_cap12-01_long_burst_guard_relaxed,guard_relaxed,9,512,1536,4.665871193999919,75.48204069199983,0.8262695140001597,67,103699,103699,0,0.8261959740002567,0,0,1.0,False,b0f16ff7bb74c0c9508a5c29b7a4d6406a747f7b72fde496b18b1f607a15c5be,True,True,False,False,False
llama1b,3072,12,23,generation,stagger,diag00_a1_s23_llama1b_kv3072_cap12-02_generation_stagger_baseline,baseline,0,512,256,0.062266834000183735,3.8521224840005743,0.033880955000313406,0,0,0,0,0.03350272399984533,0,0,0.5,False,c54e21bfabaac286f2960213cbbcbb0b16f7c55c5b3540f0cef69a8cadd19db2,False,False,False,False,False
llama1b,3072,12,23,generation,stagger,diag00_a1_s23_llama1b_kv3072_cap12-02_generation_stagger_baseline,baseline,5,128,64,0.04997687800005224,0.9811457220002922,0.06155883199971868,0,0,0,0,0.061206932999994024,0,0,0.5,False,35a387bd665a60a3ad812ad653d438950adc76575144ff7f6bb8a75ac1dad37e,False,False,False,False,False
llama1b,3072,12,23,generation,stagger,diag00_a1_s23_llama1b_kv3072_cap12-02_generation_stagger_baseline,baseline,6,512,64,0.08699578200048563,0.9763654560001669,0.021943904999716324,0,0,0,0,0.021752284000285727,0,0,0.5,False,7bc3f35a21678b9442a9428d42b64926474b14f235d6b8ada18a501c6d8067d7,False,False,False,False,False
llama1b,3072,12,23,generation,stagger,diag00_a1_s23_llama1b_kv3072_cap12-02_generation_stagger_baseline,baseline,4,128,256,0.03817366299972491,3.717950541999926,0.061953125999934855,0,0,0,0,0.061335351000707306,0,0,0.5,False,b72590f97ced50e685891449e70110503671d435507ae8afb945e50ee279fa03,False,False,False,False,False
llama1b,3072,12,23,generation,stagger,diag00_a1_s23_llama1b_kv3072_cap12-02_generation_stagger_baseline,baseline,7,128,64,0.05284372000005533,1.063242283999898,0.08416413200029638,0,0,0,0,0.08379134300048463,0,0,0.5,False,35a387bd665a60a3ad812ad653d438950adc76575144ff7f6bb8a75ac1dad37e,False,False,False,False,False
llama1b,3072,12,23,generation,stagger,diag00_a1_s23_llama1b_kv3072_cap12-02_generation_stagger_baseline,baseline,1,256,768,0.06268263400033902,11.21523850199992,0.08443682199958857,0,0,0,0,0.08377700799974264,0,0,0.5,False,ff2c625d728a9a95e9e96a47a6f55459f435d876cddb130d6cef7559e5698664,False,False,False,False,False
llama1b,3072,12,23,generation,stagger,diag00_a1_s23_llama1b_kv3072_cap12-02_generation_stagger_baseline,baseline,2,256,768,0.057605180999416916,11.258946117999585,0.09949022099954163,0,0,0,0,0.09921745999963605,0,0,0.5,False,ff2c625d728a9a95e9e96a47a6f55459f435d876cddb130d6cef7559e5698664,False,False,False,False,False
llama1b,3072,12,23,generation,stagger,diag00_a1_s23_llama1b_kv3072_cap12-02_generation_stagger_baseline,baseline,11,256,64,0.06017108800006099,0.9714410670003417,0.016900228999475075,0,0,0,0,0.01658010200026183,0,0,0.5,False,2147cb95e9e3c0e31e798ff3104db21bbcf50fc2b5489b269bceba058c7ce536,False,False,False,False,False
llama1b,3072,12,23,generation,stagger,diag00_a1_s23_llama1b_kv3072_cap12-02_generation_stagger_baseline,baseline,8,512,256,0.08663075200001913,5.977244347999658,1.8964372030004597,2,1157,1157,0,1.8963148000002548,1.7797493590005615,1.8964372030004597,0.5,True,c54e21bfabaac286f2960213cbbcbb0b16f7c55c5b3540f0cef69a8cadd19db2,True,True,True,False,False
llama1b,3072,12,23,generation,stagger,diag00_a1_s23_llama1b_kv3072_cap12-02_generation_stagger_baseline,baseline,3,128,768,0.04537443900062499,11.180544044000271,0.09953645099994901,0,0,0,0,0.0992196609995517,0,0,0.5,False,9397f4f97720ee715c2d8c280a316e97d88baa87e2b6a55a47f753d2ce9c1703,False,False,False,False,False
llama1b,3072,12,23,generation,stagger,diag00_a1_s23_llama1b_kv3072_cap12-02_generation_stagger_baseline,baseline,9,256,256,0.29273757800001476,6.932129717999487,2.959719538999707,1,304,304,0,2.9595490199999404,2.842932483000368,2.959719538999707,0.5,True,0a1b94b501ef8cfb8e4e1c6fb3b68cfd11d2cb4d24184ce7130f5cba0d1ad422,True,True,True,True,False
llama1b,3072,12,23,generation,stagger,diag00_a1_s23_llama1b_kv3072_cap12-02_generation_stagger_baseline,baseline,10,512,768,2.3641869370003405,12.905941292000534,0.03540107699973305,0,0,0,0,0.03551506899930246,0,0,0.5,False,5817b4dcffa7efb08ba38ddb4f9539dd96ab162946ef6ae2bd78d83a83799a46,False,False,False,False,False
llama1b,3072,12,23,generation,stagger,diag00_a1_s23_llama1b_kv3072_cap12-03_generation_stagger_adaptive_resume,adaptive_resume,0,512,256,0.06326600499960477,3.6121896019994892,0.03660788999968645,0,0,0,0,0.03602518899970164,0,0,0.5,False,c54e21bfabaac286f2960213cbbcbb0b16f7c55c5b3540f0cef69a8cadd19db2,False,False,False,False,False
llama1b,3072,12,23,generation,stagger,diag00_a1_s23_llama1b_kv3072_cap12-03_generation_stagger_adaptive_resume,adaptive_resume,5,128,64,0.0519053640000493,0.9751031010000588,0.062166196000362106,0,0,0,0,0.061387881999507954,0,0,0.5,False,35a387bd665a60a3ad812ad653d438950adc76575144ff7f6bb8a75ac1dad37e,False,False,False,False,False
llama1b,3072,12,23,generation,stagger,diag00_a1_s23_llama1b_kv3072_cap12-03_generation_stagger_adaptive_resume,adaptive_resume,6,512,64,0.08748419899984583,0.9717376999997214,0.02033516800020152,0,0,0,0,0.020184129999506695,0,0,0.5,False,7bc3f35a21678b9442a9428d42b64926474b14f235d6b8ada18a501c6d8067d7,False,False,False,False,False
llama1b,3072,12,23,generation,stagger,diag00_a1_s23_llama1b_kv3072_cap12-03_generation_stagger_adaptive_resume,adaptive_resume,4,128,256,0.045866552999541454,3.6665638029999172,0.06214221400023234,0,0,0,0,0.06138797699986753,0,0,0.5,False,b72590f97ced50e685891449e70110503671d435507ae8afb945e50ee279fa03,False,False,False,False,False
llama1b,3072,12,23,generation,stagger,diag00_a1_s23_llama1b_kv3072_cap12-03_generation_stagger_adaptive_resume,adaptive_resume,7,128,64,0.049139203999402525,1.0023054419998516,0.07509234000008291,0,0,0,0,0.07475007600078243,0,0,0.5,False,35a387bd665a60a3ad812ad653d438950adc76575144ff7f6bb8a75ac1dad37e,False,False,False,False,False
llama1b,3072,12,23,generation,stagger,diag00_a1_s23_llama1b_kv3072_cap12-03_generation_stagger_adaptive_resume,adaptive_resume,1,256,768,0.0559749419999207,10.860767176999616,0.07524605100024928,0,0,0,0,0.07476238400067814,0,0,0.5,False,ff2c625d728a9a95e9e96a47a6f55459f435d876cddb130d6cef7559e5698664,False,False,False,False,False
llama1b,3072,12,23,generation,stagger,diag00_a1_s23_llama1b_kv3072_cap12-03_generation_stagger_adaptive_resume,adaptive_resume,2,256,768,0.06247044600058871,10.927010764000443,0.08934903199951805,0,0,0,0,0.08908135499950731,0,0,0.5,False,ff2c625d728a9a95e9e96a47a6f55459f435d876cddb130d6cef7559e5698664,False,False,False,False,False
llama1b,3072,12,23,generation,stagger,diag00_a1_s23_llama1b_kv3072_cap12-03_generation_stagger_adaptive_resume,adaptive_resume,8,512,256,0.39893399800075713,5.735528718000751,1.7428877709999142,1,627,627,0,1.7424828359999083,1.6365038290005032,1.7428877709999142,0.5,True,c54e21bfabaac286f2960213cbbcbb0b16f7c55c5b3540f0cef69a8cadd19db2,True,True,True,False,False
llama1b,3072,12,23,generation,stagger,diag00_a1_s23_llama1b_kv3072_cap12-03_generation_stagger_adaptive_resume,adaptive_resume,3,128,768,0.050067965000380354,10.997836573999848,0.089368105000176,0,0,0,0,0.08908584199980396,0,0,0.5,False,9397f4f97720ee715c2d8c280a316e97d88baa87e2b6a55a47f753d2ce9c1703,False,False,False,False,False
llama1b,3072,12,23,generation,stagger,diag00_a1_s23_llama1b_kv3072_cap12-03_generation_stagger_adaptive_resume,adaptive_resume,11,256,64,0.8463843359995735,1.718523716999698,0.01889190299971233,0,0,0,0,0.019103366000308597,0,0,0.5,False,2147cb95e9e3c0e31e798ff3104db21bbcf50fc2b5489b269bceba058c7ce536,False,False,False,False,False
llama1b,3072,12,23,generation,stagger,diag00_a1_s23_llama1b_kv3072_cap12-03_generation_stagger_adaptive_resume,adaptive_resume,9,256,256,0.23125750199960748,6.595128938000016,2.7691826579994085,1,298,298,0,2.7686777119997714,2.6628689839999424,2.7691826579994085,0.5,True,0a1b94b501ef8cfb8e4e1c6fb3b68cfd11d2cb4d24184ce7130f5cba0d1ad422,True,True,True,True,False
llama1b,3072,12,23,generation,stagger,diag00_a1_s23_llama1b_kv3072_cap12-03_generation_stagger_adaptive_resume,adaptive_resume,10,512,768,2.0333774660002746,12.495647785000074,0.035014707000300405,0,0,0,0,0.03460885000004055,0,0,0.5,False,5817b4dcffa7efb08ba38ddb4f9539dd96ab162946ef6ae2bd78d83a83799a46,False,False,False,False,False
llama1b,3072,12,23,generation,stagger,diag00_a1_s23_llama1b_kv3072_cap12-04_generation_stagger_slai_port,slai_port,0,512,256,0.061306233999857795,3.7478634569997666,0.03569935900031851,0,0,0,0,0.03556587999992189,0,0,0.5,False,c54e21bfabaac286f2960213cbbcbb0b16f7c55c5b3540f0cef69a8cadd19db2,False,False,False,False,False
llama1b,3072,12,23,generation,stagger,diag00_a1_s23_llama1b_kv3072_cap12-04_generation_stagger_slai_port,slai_port,5,128,64,0.053209059000437264,1.024241830000392,0.06772656100019958,0,0,0,0,0.06683546800013573,0,0,0.5,False,35a387bd665a60a3ad812ad653d438950adc76575144ff7f6bb8a75ac1dad37e,False,False,False,False,False
llama1b,3072,12,23,generation,stagger,diag00_a1_s23_llama1b_kv3072_cap12-04_generation_stagger_slai_port,slai_port,6,512,64,0.09526601600009599,1.025276209000367,0.022156327999255154,0,0,0,0,0.021687845999622368,0,0,0.5,False,7bc3f35a21678b9442a9428d42b64926474b14f235d6b8ada18a501c6d8067d7,False,False,False,False,False
llama1b,3072,12,23,generation,stagger,diag00_a1_s23_llama1b_kv3072_cap12-04_generation_stagger_slai_port,slai_port,7,128,64,0.05309705300078349,1.0093608040006075,0.05930482500025391,0,0,0,0,0.05896715699964261,0,0,0.5,False,35a387bd665a60a3ad812ad653d438950adc76575144ff7f6bb8a75ac1dad37e,False,False,False,False,False
llama1b,3072,12,23,generation,stagger,diag00_a1_s23_llama1b_kv3072_cap12-04_generation_stagger_slai_port,slai_port,4,128,256,0.050349465000181226,3.8679420079997726,0.07215051999992284,0,0,0,0,0.07281271600004402,0,0,0.5,False,b72590f97ced50e685891449e70110503671d435507ae8afb945e50ee279fa03,False,False,False,False,False
llama1b,3072,12,23,generation,stagger,diag00_a1_s23_llama1b_kv3072_cap12-04_generation_stagger_slai_port,slai_port,8,512,256,0.08871056900079566,3.850301280000167,0.07238911199965514,0,0,0,0,0.0728113029999804,0,0,0.5,False,c54e21bfabaac286f2960213cbbcbb0b16f7c55c5b3540f0cef69a8cadd19db2,False,False,False,False,False
llama1b,3072,12,23,generation,stagger,diag00_a1_s23_llama1b_kv3072_cap12-04_generation_stagger_slai_port,slai_port,1,256,768,0.05588925700067193,11.357120682000641,0.08416886299983162,0,0,0,0,0.08429102399986732,0,0,0.5,False,ff2c625d728a9a95e9e96a47a6f55459f435d876cddb130d6cef7559e5698664,False,False,False,False,False
llama1b,3072,12,23,generation,stagger,diag00_a1_s23_llama1b_kv3072_cap12-04_generation_stagger_slai_port,slai_port,9,256,256,0.39864590799970756,4.304707992999283,0.1899174669997592,1,496,496,0,0.18992373600030987,0,0,0.5,False,0a1b94b501ef8cfb8e4e1c6fb3b68cfd11d2cb4d24184ce7130f5cba0d1ad422,False,False,False,False,False
llama1b,3072,12,23,generation,stagger,diag00_a1_s23_llama1b_kv3072_cap12-04_generation_stagger_slai_port,slai_port,11,256,64,0.06661806800002523,0.9500976589997663,0.017302670000390208,0,0,0,0,0.01756095099972299,0,0,0.5,False,2147cb95e9e3c0e31e798ff3104db21bbcf50fc2b5489b269bceba058c7ce536,False,False,False,False,False
llama1b,3072,12,23,generation,stagger,diag00_a1_s23_llama1b_kv3072_cap12-04_generation_stagger_slai_port,slai_port,3,128,768,0.04307108600005449,11.37260226700073,0.10295838699948945,0,0,0,0,0.10268868200000725,0,0,0.5,False,9397f4f97720ee715c2d8c280a316e97d88baa87e2b6a55a47f753d2ce9c1703,False,False,False,False,False
llama1b,3072,12,23,generation,stagger,diag00_a1_s23_llama1b_kv3072_cap12-04_generation_stagger_slai_port,slai_port,2,256,768,0.0624413760006064,14.252512295000088,2.7460325739994005,2,1520,1520,0,2.7460498210002697,2.642609982999602,2.7460325739994005,0.5,True,ff2c625d728a9a95e9e96a47a6f55459f435d876cddb130d6cef7559e5698664,True,True,True,True,False
llama1b,3072,12,23,generation,stagger,diag00_a1_s23_llama1b_kv3072_cap12-04_generation_stagger_slai_port,slai_port,10,512,768,2.1648899330002678,12.674539159999767,0.03519546900042769,0,0,0,0,0.03493757399974129,0,0,0.5,False,5817b4dcffa7efb08ba38ddb4f9539dd96ab162946ef6ae2bd78d83a83799a46,False,False,False,False,False
llama1b,3072,12,23,generation,stagger,diag00_a1_s23_llama1b_kv3072_cap12-05_generation_stagger_guard256,guard256,0,512,256,0.06688791599935939,3.656636394999623,0.03646727900013502,0,0,0,0,0.03606596899953729,0,0,0.5,False,c54e21bfabaac286f2960213cbbcbb0b16f7c55c5b3540f0cef69a8cadd19db2,False,False,False,False,False
llama1b,3072,12,23,generation,stagger,diag00_a1_s23_llama1b_kv3072_cap12-05_generation_stagger_guard256,guard256,4,128,256,0.05138654599977599,3.616956107999613,0.016955701999904704,0,0,0,0,0.01701875100025063,0,0,0.5,False,b72590f97ced50e685891449e70110503671d435507ae8afb945e50ee279fa03,False,False,False,False,False
llama1b,3072,12,23,generation,stagger,diag00_a1_s23_llama1b_kv3072_cap12-05_generation_stagger_guard256,guard256,1,256,768,0.0639616410007875,10.743267356000615,0.034462166999219335,0,0,0,0,0.03400198399958754,0,0,0.5,False,ff2c625d728a9a95e9e96a47a6f55459f435d876cddb130d6cef7559e5698664,False,False,False,False,False
llama1b,3072,12,23,generation,stagger,diag00_a1_s23_llama1b_kv3072_cap12-05_generation_stagger_guard256,guard256,2,256,768,0.060289713999736705,10.724356304999674,0.021450037000249722,0,0,0,0,0.02133619699998235,0,0,0.5,False,ff2c625d728a9a95e9e96a47a6f55459f435d876cddb130d6cef7559e5698664,False,False,False,False,False
llama1b,3072,12,23,generation,stagger,diag00_a1_s23_llama1b_kv3072_cap12-05_generation_stagger_guard256,guard256,5,128,64,5.571633022000242,6.499115129000529,0.07271905900051934,0,0,0,0,0.07208129200080293,0,0,0.5,False,35a387bd665a60a3ad812ad653d438950adc76575144ff7f6bb8a75ac1dad37e,False,False,False,False,False
llama1b,3072,12,23,generation,stagger,diag00_a1_s23_llama1b_kv3072_cap12-05_generation_stagger_guard256,guard256,7,128,64,4.549966858000516,5.425242107000486,0.016460704000564874,0,0,0,0,0.01652438000019174,0,0,0.5,False,35a387bd665a60a3ad812ad653d438950adc76575144ff7f6bb8a75ac1dad37e,False,False,False,False,False
llama1b,3072,12,23,generation,stagger,diag00_a1_s23_llama1b_kv3072_cap12-05_generation_stagger_guard256,guard256,6,512,64,5.291722388999915,6.166920270999981,0.01654865399996197,0,0,0,0,0.016533414000150515,0,0,0.5,False,7bc3f35a21678b9442a9428d42b64926474b14f235d6b8ada18a501c6d8067d7,False,False,False,False,False
llama1b,3072,12,23,generation,stagger,diag00_a1_s23_llama1b_kv3072_cap12-05_generation_stagger_guard256,guard256,3,128,768,0.041616114000134985,10.841243576000124,0.07895845500024734,0,0,0,0,0.07820014800017816,0,0,0.5,False,9397f4f97720ee715c2d8c280a316e97d88baa87e2b6a55a47f753d2ce9c1703,False,False,False,False,False
llama1b,3072,12,23,generation,stagger,diag00_a1_s23_llama1b_kv3072_cap12-05_generation_stagger_guard256,guard256,11,256,64,1.1538258229993517,2.0238716339999883,0.01872374699996726,0,0,0,0,0.018510560000322585,0,0,0.5,False,2147cb95e9e3c0e31e798ff3104db21bbcf50fc2b5489b269bceba058c7ce536,False,False,False,False,False
llama1b,3072,12,23,generation,stagger,diag00_a1_s23_llama1b_kv3072_cap12-05_generation_stagger_guard256,guard256,8,512,256,4.916110860999652,8.49679105099949,0.08653449899975385,0,0,0,0,0.08613178899940976,0,0,0.5,False,c54e21bfabaac286f2960213cbbcbb0b16f7c55c5b3540f0cef69a8cadd19db2,False,False,False,False,False
llama1b,3072,12,23,generation,stagger,diag00_a1_s23_llama1b_kv3072_cap12-05_generation_stagger_guard256,guard256,9,256,256,4.749005317999945,8.329806466999798,0.08659997700033273,0,0,0,0,0.08613435799998115,0,0,0.5,False,0a1b94b501ef8cfb8e4e1c6fb3b68cfd11d2cb4d24184ce7130f5cba0d1ad422,False,False,False,False,False
llama1b,3072,12,23,generation,stagger,diag00_a1_s23_llama1b_kv3072_cap12-05_generation_stagger_guard256,guard256,10,512,768,3.9867553589992895,14.316755560999809,0.02032177699948079,0,0,0,0,0.020328563000475697,0,0,0.5,False,5817b4dcffa7efb08ba38ddb4f9539dd96ab162946ef6ae2bd78d83a83799a46,False,False,False,False,False
llama1b,3072,12,23,generation,stagger,diag00_a1_s23_llama1b_kv3072_cap12-06_generation_stagger_guard128,guard128,0,512,256,0.061785702000634046,3.592145669000274,0.0379213960004563,0,0,0,0,0.037689316000069084,0,0,0.5,False,c54e21bfabaac286f2960213cbbcbb0b16f7c55c5b3540f0cef69a8cadd19db2,False,False,False,False,False
llama1b,3072,12,23,generation,stagger,diag00_a1_s23_llama1b_kv3072_cap12-06_generation_stagger_guard128,guard128,5,128,64,0.04756825599997683,0.9138782520003588,0.016593270999692322,0,0,0,0,0.016357446999791136,0,0,0.5,False,35a387bd665a60a3ad812ad653d438950adc76575144ff7f6bb8a75ac1dad37e,False,False,False,False,False
llama1b,3072,12,23,generation,stagger,diag00_a1_s23_llama1b_kv3072_cap12-06_generation_stagger_guard128,guard128,4,128,256,0.048693315000491566,3.54825247700046,0.019700642000316293,0,0,0,0,0.019347946000380034,0,0,0.5,False,b72590f97ced50e685891449e70110503671d435507ae8afb945e50ee279fa03,False,False,False,False,False
llama1b,3072,12,23,generation,stagger,diag00_a1_s23_llama1b_kv3072_cap12-06_generation_stagger_guard128,guard128,1,256,768,0.057146307999573764,10.593614178999815,0.03395868899951893,0,0,0,0,0.033502267999210744,0,0,0.5,False,ff2c625d728a9a95e9e96a47a6f55459f435d876cddb130d6cef7559e5698664,False,False,False,False,False
llama1b,3072,12,23,generation,stagger,diag00_a1_s23_llama1b_kv3072_cap12-06_generation_stagger_guard128,guard128,2,256,768,0.05212436100009654,10.63082704200042,0.0739892890005649,0,0,0,0,0.07311588599986862,0,0,0.5,False,ff2c625d728a9a95e9e96a47a6f55459f435d876cddb130d6cef7559e5698664,False,False,False,False,False
llama1b,3072,12,23,generation,stagger,diag00_a1_s23_llama1b_kv3072_cap12-06_generation_stagger_guard128,guard128,7,128,64,4.080052952000187,5.024753497000347,0.08409754400054226,0,0,0,0,0.08336066499941808,0,0,0.5,False,35a387bd665a60a3ad812ad653d438950adc76575144ff7f6bb8a75ac1dad37e,False,False,False,False,False
llama1b,3072,12,23,generation,stagger,diag00_a1_s23_llama1b_kv3072_cap12-06_generation_stagger_guard128,guard128,6,512,64,4.821733650000169,5.766603692999524,0.08407379499931267,0,0,0,0,0.0833601100002852,0,0,0.5,False,7bc3f35a21678b9442a9428d42b64926474b14f235d6b8ada18a501c6d8067d7,False,False,False,False,False
llama1b,3072,12,23,generation,stagger,diag00_a1_s23_llama1b_kv3072_cap12-06_generation_stagger_guard128,guard128,3,128,768,0.050116479999815056,10.768936907999887,0.08366981600011059,0,0,0,0,0.08335393499964994,0,0,0.5,False,9397f4f97720ee715c2d8c280a316e97d88baa87e2b6a55a47f753d2ce9c1703,False,False,False,False,False
llama1b,3072,12,23,generation,stagger,diag00_a1_s23_llama1b_kv3072_cap12-06_generation_stagger_guard128,guard128,11,256,64,1.029092273999595,1.8956431569995402,0.017771334999451938,0,0,0,0,0.01755719099946873,0,0,0.5,False,2147cb95e9e3c0e31e798ff3104db21bbcf50fc2b5489b269bceba058c7ce536,False,False,False,False,False
llama1b,3072,12,23,generation,stagger,diag00_a1_s23_llama1b_kv3072_cap12-06_generation_stagger_guard128,guard128,9,256,256,3.6985319229997913,7.279788553999424,0.06184560500059888,0,0,0,0,0.0613849620003748,0,0,0.5,False,0a1b94b501ef8cfb8e4e1c6fb3b68cfd11d2cb4d24184ce7130f5cba0d1ad422,False,False,False,False,False
llama1b,3072,12,23,generation,stagger,diag00_a1_s23_llama1b_kv3072_cap12-06_generation_stagger_guard128,guard128,8,512,256,3.865644333999626,7.447148221999669,0.06172922899986588,0,0,0,0,0.06138581300001533,0,0,0.5,False,c54e21bfabaac286f2960213cbbcbb0b16f7c55c5b3540f0cef69a8cadd19db2,False,False,False,False,False
llama1b,3072,12,23,generation,stagger,diag00_a1_s23_llama1b_kv3072_cap12-06_generation_stagger_guard128,guard128,10,512,768,2.3915216470004452,12.796528544000466,0.03411884500019369,0,0,0,0,0.03390718500031653,0,0,0.5,False,5817b4dcffa7efb08ba38ddb4f9539dd96ab162946ef6ae2bd78d83a83799a46,False,False,False,False,False
llama1b,3072,12,23,long,burst,diag00_a1_s23_llama1b_kv3072_cap12-07_long_burst_guard_fast,guard_fast,2,128,64,0.055961633999686455,1.0325511579994782,0.06357461199968384,0,0,0,0,0.06310995800049568,0,0,0.25,False,8b8501f1b24723ead2a4fbbde0fde269428ad4dd41285c76cf1bb93616f371fc,False,False,False,False,False
llama1b,3072,12,23,long,burst,diag00_a1_s23_llama1b_kv3072_cap12-07_long_burst_guard_fast,guard_fast,6,256,64,0.060286998999799835,0.9462574409999434,0.016652719999910914,0,0,0,0,0.01654976500049088,0,0,0.25,False,c3f03bc4d51ebae25202c36e5817a03529f68f149f75eecdbc70a07fc3c07a1e,False,False,False,False,False
llama1b,3072,12,23,long,burst,diag00_a1_s23_llama1b_kv3072_cap12-07_long_burst_guard_fast,guard_fast,0,256,256,0.038381805999961216,3.8767330549999315,0.07354040599966538,0,0,0,0,0.07340610200026276,0,0,0.25,False,ed1b1deb76a8e15efeddce1d6e260f212e4c77d8d76e883756296bda3d6121fb,False,False,False,False,False
llama1b,3072,12,23,long,burst,diag00_a1_s23_llama1b_kv3072_cap12-07_long_burst_guard_fast,guard_fast,3,512,256,0.08433035899997776,3.9995855529996334,0.1983828860002177,1,753,753,0,0.19839333000072656,0,0,0.25,False,4d8619df501f5edc0203d21967bdbc3ce2912a8f00785ec5f5a1dcdf178c5ab4,False,False,False,False,False
llama1b,3072,12,23,long,burst,diag00_a1_s23_llama1b_kv3072_cap12-07_long_burst_guard_fast,guard_fast,4,128,256,0.07047554000018863,4.004133872000239,0.18834166000033292,1,358,358,0,0.18828032900000835,0,0,0.25,False,d0f4de4a54841d78fd5f8abdcf6a40d46ce003a5dcad44426f73f12e9e0bde94,False,False,False,False,False
llama1b,3072,12,23,long,burst,diag00_a1_s23_llama1b_kv3072_cap12-07_long_burst_guard_fast,guard_fast,8,512,64,3.8808814089998123,4.756683522000458,0.017070355000214477,0,0,0,0,0.016700092999599292,0,0,0.25,False,041016b6c3176eec49523d885fdbd7406b04a21e701f86d1a6f21c658ec24211,False,False,False,False,False
llama1b,3072,12,23,long,burst,diag00_a1_s23_llama1b_kv3072_cap12-07_long_burst_guard_fast,guard_fast,7,512,256,0.9723948900000323,4.939187834000222,0.22538238400011323,1,656,656,0,0.22516717400048947,0,0,0.25,False,4d8619df501f5edc0203d21967bdbc3ce2912a8f00785ec5f5a1dcdf178c5ab4,False,False,False,False,False
llama1b,3072,12,23,long,burst,diag00_a1_s23_llama1b_kv3072_cap12-07_long_burst_guard_fast,guard_fast,10,256,64,4.852486316999602,5.722079356999529,0.01753084900065005,0,0,0,0,0.017537595000248984,0,0,0.25,False,c3f03bc4d51ebae25202c36e5817a03529f68f149f75eecdbc70a07fc3c07a1e,False,False,False,False,False
llama1b,3072,12,23,long,burst,diag00_a1_s23_llama1b_kv3072_cap12-07_long_burst_guard_fast,guard_fast,5,128,1536,0.0590527469994413,194.53824157799954,0.7518104689997926,307,410973,412636,1663,0.7517556610000611,0,0,0.25,True,4502d16355644e9736e3c0b5387c996c63eb19ae8576d6ae4715f7f9b1f4951e,True,True,False,False,False
llama1b,3072,12,23,long,burst,diag00_a1_s23_llama1b_kv3072_cap12-07_long_burst_guard_fast,guard_fast,1,256,1536,0.06817247399976623,200.03782607300036,0.7556077930003084,323,470351,472142,1791,0.7557155529993906,0,0,0.25,True,40b6a6a571a0e97bba71a382363484132d4f26638e8ab0c398269564b906c685,True,True,False,False,False
llama1b,3072,12,23,long,burst,diag00_a1_s23_llama1b_kv3072_cap12-07_long_burst_guard_fast,guard_fast,11,128,1536,4.802191641999343,238.62922792300014,0.7507015040000624,422,499487,499487,0,0.7507539260004705,0,0,0.25,True,4502d16355644e9736e3c0b5387c996c63eb19ae8576d6ae4715f7f9b1f4951e,True,True,False,False,False
llama1b,3072,12,23,long,burst,diag00_a1_s23_llama1b_kv3072_cap12-07_long_burst_guard_fast,guard_fast,9,512,1536,4.783847731999231,240.69379746699997,0.7523489499999414,421,627983,627983,0,0.7523202100001072,0,0,0.25,True,b0f16ff7bb74c0c9508a5c29b7a4d6406a747f7b72fde496b18b1f607a15c5be,True,True,False,False,False
