model,slots,cap,seed,mix,arrival,reference,policy,throughput_ratio,ttft_ratio,completion_ratio,reference_gap,policy_gap,reference_stalled,reference_budget_misses,reference_evictions,reference_replay,reference_excess,reference_repeat_victims,policy_stalled,policy_budget_misses,policy_evictions,policy_replay,policy_excess,policy_repeat_victims
llama1b,3072,12,23,generation,stagger,baseline,growth_only,0.9683265309269776,12.66615706689111,1.0256872064943567,2.959719538999707,0.08080224199966324,2,2,3,1461,2.8561567420001666,1,0,0,0,0,0,0
llama1b,3072,12,23,generation,stagger,baseline,adaptive_resume,1.0186980997323893,1.026940419651537,0.9726466868660417,2.959719538999707,2.7691826579994085,2,2,3,1461,2.8561567420001666,1,2,2,2,925,2.5120704289993228,0
llama1b,3072,12,23,generation,stagger,baseline,slai_port,1.0104522252588686,1.0106967512909673,1.1153768571017557,2.959719538999707,2.7460325739994005,2,2,3,1461,2.8561567420001666,1,1,1,3,2016,1.7460325739994005,1
llama1b,3072,12,23,generation,stagger,baseline,guard256,0.9406851082076589,41.98520440414177,1.0337605709391036,2.959719538999707,0.08659997700033273,2,2,3,1461,2.8561567420001666,1,0,0,0,0,0,0
llama1b,3072,12,23,generation,stagger,baseline,guard128,1.0049162703796843,8.909641377269116,0.9734384744380987,2.959719538999707,0.08409754400054226,2,2,3,1461,2.8561567420001666,1,0,0,0,0,0,0
llama1b,3072,12,23,generation,stagger,slai_port,guard128,0.9945213096267208,8.815345815536453,0.8727440131468427,2.7460325739994005,0.08409754400054226,1,1,3,2016,1.7460325739994005,1,0,0,0,0,0,0
llama1b,3072,12,23,generation,stagger,adaptive_resume,guard128,0.9864711347195745,8.67590875456275,1.0008140546641948,2.7691826579994085,0.08409754400054226,2,2,2,925,2.5120704289993228,0,0,0,0,0,0,0
llama1b,3072,12,23,generation,stagger,growth_only,guard128,1.0377865712485224,0.7034210400373611,0.9490597798964109,0.08080224199966324,0.08409754400054226,0,0,0,0,0,0,0,0,0,0,0,0
llama1b,3072,12,23,generation,stagger,guard128,guard256,0.936083070734085,4.712333822016371,1.0619680627846817,0.08409754400054226,0.08659997700033273,0,0,0,0,0,0,0,0,0,0,0,0
