slots,cap,seed,mix,arrival,throughput_ratio_high_to_cap3,low_stalled,high_stalled,low_gap,high_gap,low_e2e,high_e2e,tradeoff,low_throughput,high_throughput,adaptive_stalled,adaptive_gap,adaptive_throughput,adaptive_batching_gain_retained
5120,6,23,balanced,burst,1.595833888041097,0,0,0.11203020199991442,0.11222810599974764,16.724935093300335,9.787531135550307,False,162.46450043765486,259.26635540207724,0,0.10853314700034389,234.68127910345723,0.7460268059154882
5120,6,23,balanced,stagger,1.0349190933359704,0,0,0.1479075749994081,0.10894595799982199,7.996899721400086,7.264046797149694,False,154.89522000059625,160.30402064509275,0,0.1105422050004563,161.82738617628874,
5120,6,23,generation,burst,1.7142391664987178,0,0,0.06144638700061478,0.06075769500057504,21.06091285300017,12.577670625500284,False,171.26669056417114,293.59206888171855,0,0.06220917200062104,295.1923952931755,1.013082538010245
5120,6,23,generation,stagger,1.3039167412947703,0,0,0.06399670900009369,0.0678981669998393,14.230359867150305,10.936830852399998,False,166.33168246771055,216.88266537737363,0,0.061724834000415285,215.29457975000295,0.9685844757913282
3072,12,23,generation,stagger,1.183198188853812,0,2,0.06134667900005297,2.7219537689998106,13.824297681199866,11.372210335799808,True,170.74656744254756,202.02702935102752,2,3.552624261999881,202.56539626593985,1.0172109643549216
3072,12,23,balanced,burst,1.274558037263094,0,1,0.11330627400002413,1.0297064099995623,15.169742710449873,11.903026009399763,True,178.72163733685022,227.7910993005023,0,0.2561119920001147,221.42663000193724,0.8702967376475513
3072,12,23,generation,burst,1.3423725997917877,0,2,0.061786411999491975,2.944822477999878,20.573601869849877,14.262828950250146,True,174.89483265376782,234.77403119958797,1,2.6786120589995335,205.375866633149,0.509042116788801
3072,12,23,balanced,stagger,1.0517095545165769,0,0,0.11208102199998393,0.5220241189999797,8.232877087250198,7.235574293850232,False,152.97554446944244,160.8858417258881,0,0.5358448810002301,161.65226174119618,1.0968889019541677
5120,12,23,generation,stagger,1.299763775789124,0,0,0.06399670900009369,0.05926551900120103,14.230359867150305,11.003534223650968,False,166.33168246771055,216.1918956375891,0,0.06532241600143607,208.45155396146268,0.844759153962011
5120,12,23,balanced,burst,1.827554465038782,0,0,0.11203020199991442,0.14267118699899584,16.724935093300335,9.244671690200267,False,162.46450043765486,296.9127231851313,0,0.16056969899909745,293.9820839999253,0.9782024698778622
5120,12,23,generation,burst,2.1832318494374254,0,0,0.06144638700061478,0.06260909900083789,21.06091285300017,11.331940566000867,False,171.26669056417114,373.91489358744263,0,0.06651836599849048,371.79101238760904,0.9895193682048604
5120,12,23,balanced,stagger,1.0193530230515633,0,0,0.1479075749994081,0.11275568199926056,7.996899721400086,7.5574988266007495,False,154.89522000059625,157.89291076384475,0,0.1089451679999911,155.25398203526615,
5120,6,77,generation,burst,1.769432044934902,0,0,0.060187961000337964,0.06431422199966619,20.26415622620052,11.576522325399946,False,201.15203145289712,355.92485035650947,0,0.061107714998797746,350.8345217493931,0.9671109653285668
5120,6,77,generation,stagger,1.5661687243996127,0,0,0.06387483199978305,0.0627578400017228,18.129664103199044,11.388713022699722,False,176.24375914647996,276.0274634458351,0,0.06070702800025174,284.4906640621405,1.084815458352954
5120,6,77,balanced,burst,1.6747440297251555,0,0,0.11356091599918727,0.8752970919995278,13.885311398950307,8.111957633100156,False,193.69502649397256,324.3895892082364,0,0.838306637999267,330.9953015512174,1.0505431305311683
5120,6,77,balanced,stagger,1.429564475772283,0,0,0.10998931200083462,0.27494831700096256,10.205525923149981,8.014118281399623,False,185.78677601421387,265.5941750581822,0,0.27159147199927247,268.4432804460384,1.0356997649589674
3072,12,77,balanced,burst,1.1351465346507392,1,3,3.3097157680003875,3.2881467239985795,15.04044302184975,12.59041381959987,True,181.07566485594347,205.54741347080287,1,1.1446928090008441,201.41675411877958,0.8312070209190068
3072,12,77,generation,stagger,1.3703344040363972,0,3,0.06077961699884327,8.882065563000651,18.511553569500663,13.064099112949405,True,173.55691510576088,237.8310118278484,3,9.247533811998437,240.34804144225345,1.0391608710626978
3072,12,77,generation,burst,1.5486010721490426,0,5,0.0596467119994486,9.536520301000564,20.745122900600563,13.619318209750327,True,196.55444629863962,304.38442627373473,2,8.210771044001376,298.2023177234165,0.9426679987166272
3072,12,77,balanced,stagger,1.1190810308325154,1,2,3.6290722910016484,4.07992473000013,11.773342937999313,9.683443971900395,True,177.2118101080382,198.31437513139937,2,3.9619264909997582,200.78509785646506,1.1170816307084244
5120,12,77,generation,burst,1.9473933168153879,0,0,0.060187961000337964,0.061044882000715006,20.26415622620052,10.912315277099697,False,201.15203145289712,391.72212171521056,0,0.0635672850003175,391.7249892976717,1.0000150473899507
5120,12,77,balanced,stagger,1.4976466847067726,0,0,0.10998931200083462,0.11195449400111102,10.205525923149981,7.580067392800356,False,185.78677601421387,278.24294916004715,0,0.11286527999982354,279.3747185910826,1.012241145101802
5120,12,77,generation,stagger,1.6188132571917717,0,0,0.06387483199978305,0.05993051500081492,18.129664103199044,10.880495312998846,False,176.24375914647996,285.30573380363535,0,0.06265221399917209,286.6477785378012,1.0123053405037332
5120,12,77,balanced,burst,1.9183250251297361,0,0,0.11356091599918727,0.16985430800014,13.885311398950307,7.615562539300209,False,193.69502649397256,371.57001656655484,0,0.15772070599996368,371.627366627265,1.0003224177872716
