model,slots,cap,seed,mix,arrival,policy,throughput_ratio,ttft_ratio,e2e_ratio,baseline_throughput,policy_throughput,baseline_gap,policy_gap,baseline_stalled,policy_stalled,baseline_evictions,policy_evictions,baseline_replay,policy_replay,baseline_excess_s,policy_excess_s
qwen1.5b,12288,12,23,generation,burst,fixed,1.0066749139485125,1.0298753050698464,0.9919497595365682,307.6280551664878,309.6814459628724,0.11608088299999508,0.11808099500012759,0,0,0,0,0,0,0,0
qwen1.5b,12288,12,23,generation,burst,adaptive,0.9617920970438507,1.0054323072406703,1.0404357516141576,307.6280551664878,295.8742322880977,0.11608088299999508,0.1171410509996349,0,0,0,0,0,0,0,0
qwen1.5b,12288,12,23,generation,stagger,fixed,0.9869769426657681,1.0729777720549285,1.0070143459728984,192.59812454166214,190.08990812329054,0.08233101999940118,0.08468652200008364,0,0,0,0,0,0,0,0
qwen1.5b,12288,12,23,generation,stagger,adaptive,0.9811109029881834,1.0600179307366313,1.042149140099689,192.59812454166214,188.96011988290076,0.08233101999940118,0.08660789799978375,0,0,0,0,0,0,0,0
llama1b,5120,6,23,balanced,burst,fixed,0.9628302499294328,1.076205455967075,1.1322633985549246,259.26635540207724,249.62948977007517,0.11222810599974764,0.1474451180001779,0,0,0,0,0,0,0,0
llama1b,5120,6,23,balanced,burst,adaptive,0.9051744440172624,1.077189416213617,1.1157471426256576,259.26635540207724,234.68127910345723,0.11222810599974764,0.10853314700034389,0,0,0,0,0,0,0,0
llama1b,5120,6,23,balanced,stagger,fixed,1.0096490349631868,0.9988896936775344,1.0209816188697671,160.30402064509275,161.85079974503668,0.10894595799982199,0.11267160199986392,0,0,0,0,0,0,0,0
llama1b,5120,6,23,balanced,stagger,adaptive,1.0095029776861846,0.973044295364438,0.9981133473624103,160.30402064509275,161.82738617628874,0.10894595799982199,0.1105422050004563,0,0,0,0,0,0,0,0
llama1b,5120,6,23,generation,burst,fixed,0.9601660019144017,1.0138173305830547,1.0404664196618523,293.59206888171855,281.89712297193734,0.06075769500057504,0.0657867729996724,0,0,0,0,0,0,0,0
llama1b,5120,6,23,generation,burst,adaptive,1.005450850282,0.9982603663435982,0.9970615348460844,293.59206888171855,295.1923952931755,0.06075769500057504,0.06220917200062104,0,0,0,0,0,0,0,0
llama1b,5120,6,23,generation,stagger,fixed,0.9072522897417971,0.9180773310528623,1.08337957359924,216.88266537737363,196.7672947689262,0.0678981669998393,0.06176998299997649,0,0,0,0,0,0,0,0
llama1b,5120,6,23,generation,stagger,adaptive,0.9926776737799334,0.9331732640105265,1.0146619916878754,216.88266537737363,215.29457975000295,0.0678981669998393,0.061724834000415285,0,0,0,0,0,0,0,0
llama1b,3072,12,23,generation,stagger,fixed,0.9082849769224614,9.871100215690184,1.087845728029252,202.02702935102752,183.49811569181145,2.7219537689998106,0.11818606999986514,2,0,3,0,1168,0,2.432335452999723,0
llama1b,3072,12,23,generation,stagger,adaptive,1.0026648261702493,0.9950726736713834,0.9949871326754922,202.02702935102752,202.56539626593985,2.7219537689998106,3.552624261999881,2,2,3,2,1168,880,2.432335452999723,3.181417184999191
llama1b,3072,12,23,balanced,burst,fixed,0.8791069312038963,3.419800467398706,1.170015517730712,227.7910993005023,200.25273426162659,1.0297064099995623,0.144804380000096,1,0,4,0,1833,0,0.02970640999956231,0
llama1b,3072,12,23,balanced,burst,adaptive,0.9720600615295814,1.8160828841482162,1.0466014570381044,227.7910993005023,221.42663000193724,1.0297064099995623,0.2561119920001147,1,0,4,2,1833,544,0.02970640999956231,0
llama1b,3072,12,23,generation,burst,fixed,0.879742812958143,1.0828856821310555,1.183146978349219,234.77403119958797,206.54076661704835,2.944822477999878,0.10719252200033225,2,0,9,0,4501,0,4.119054644999778,0
llama1b,3072,12,23,generation,burst,adaptive,0.8747810206425822,0.9620641940022997,1.0900836212914877,234.77403119958797,205.375866633149,2.944822477999878,2.6786120589995335,2,1,9,3,4501,1569,4.119054644999778,1.6786120589995335
llama1b,3072,12,23,balanced,stagger,fixed,1.0017328244038202,1.2448810895787354,1.0477124622565868,160.8858417258881,161.16462863865985,0.5220241189999797,0.11148767000031512,0,0,1,0,537,0,0,0
llama1b,3072,12,23,balanced,stagger,adaptive,1.0047637505394285,1.0367295169866344,0.9939409167925995,160.8858417258881,161.65226174119618,0.5220241189999797,0.5358448810002301,0,0,1,1,537,537,0,0
llama1b,5120,3,23,balanced,stagger,fixed,1.0221674673715297,0.8206166476266596,0.962233909793589,154.89522000059625,158.3288547359654,0.1479075749994081,0.11019383300026675,0,0,0,0,0,0,0,0
llama1b,5120,3,23,balanced,stagger,adaptive,0.9559594982110234,1.1458643967007465,1.0968759182795411,154.89522000059625,148.07355678705608,0.1479075749994081,0.1044924190000529,0,0,0,0,0,0,0,0
llama1b,5120,3,23,balanced,burst,fixed,1.1341524263910718,0.8919131812169674,0.878628589496684,162.46450043765486,184.2595073737796,0.11203020199991442,0.11144108899952698,0,0,0,0,0,0,0,0
llama1b,5120,3,23,balanced,burst,adaptive,1.1175231334918534,0.9408692966484614,0.8922243221097714,162.46450043765486,181.55783761027664,0.11203020199991442,0.11015386400049465,0,0,0,0,0,0,0,0
llama1b,5120,3,23,generation,burst,fixed,0.9515233839182781,1.0275764193720884,1.0491479115185838,171.26669056417114,162.96426095810475,0.06144638700061478,0.06948888599981728,0,0,0,0,0,0,0,0
llama1b,5120,3,23,generation,burst,adaptive,1.0132885784290613,0.9909348767562389,0.9839907795092291,171.26669056417114,173.5425814140189,0.06144638700061478,0.06144960900019214,0,0,0,0,0,0,0,0
llama1b,5120,3,23,generation,stagger,fixed,1.0398438810228254,0.9268285250941548,0.9561540263896766,166.33168246771055,172.95898223428037,0.06399670900009369,0.06084257600014098,0,0,0,0,0,0,0,0
llama1b,5120,3,23,generation,stagger,adaptive,1.0411651673844062,0.9238040685284525,0.9537562325518122,166.33168246771055,173.17875401782376,0.06399670900009369,0.058308796000346774,0,0,0,0,0,0,0,0
llama1b,12288,12,23,generation,burst,fixed,1.0400929310990068,0.8597054177542093,0.9602807958393497,371.6997690315874,386.60230226088754,0.0638144859995009,0.06238295899947843,0,0,0,0,0,0,0,0
llama1b,12288,12,23,generation,burst,adaptive,1.0229194298112583,1.0456744086987597,0.9792124090862332,371.6997690315874,380.2189157987678,0.0638144859995009,0.06209816699993098,0,0,0,0,0,0,0,0
llama1b,12288,12,23,balanced,stagger,fixed,1.020602518551698,0.95134172408993,0.9377116749181131,158.56258962988284,161.8293783243378,0.11607650599944463,0.11086511000030441,0,0,0,0,0,0,0,0
llama1b,12288,12,23,balanced,stagger,adaptive,0.9869579735486382,0.9247464612385216,0.9948585630628318,158.56258962988284,156.49461214173348,0.11607650599944463,0.11066388899962476,0,0,0,0,0,0,0,0
llama1b,12288,12,23,balanced,burst,fixed,0.9892098263985193,0.9926036981071125,1.012151436486868,363.78365651551957,359.85836770833566,0.12275465599941526,0.1297409159997187,0,0,0,0,0,0,0,0
llama1b,12288,12,23,balanced,burst,adaptive,0.9521250112964447,1.0521140479619657,1.0517715861409749,363.78365651551957,346.367518069301,0.12275465599941526,0.1273835699994379,0,0,0,0,0,0,0,0
llama1b,12288,12,23,generation,stagger,fixed,1.0079727248022015,0.9917780955085738,1.0035207950208676,212.37483267183615,214.06803876764226,0.06289059000027919,0.06096619300024031,0,0,0,0,0,0,0,0
llama1b,12288,12,23,generation,stagger,adaptive,1.0204600360134557,1.0721276918008533,1.0089655259534434,212.37483267183615,216.72002939665353,0.06289059000027919,0.06229342300048302,0,0,0,0,0,0,0,0
llama1b,3072,3,23,generation,stagger,fixed,0.9936878205157301,1.0123403453772304,1.0080951066181696,170.74656744254756,169.6687844625272,0.06134667900005297,0.06326933300078963,0,0,0,0,0,0,0,0
llama1b,3072,3,23,generation,stagger,adaptive,1.0163333954933271,0.9440896721803034,0.9753299148597321,170.74656744254756,173.53543865771474,0.06134667900005297,0.058214360999954806,0,0,0,0,0,0,0,0
llama1b,3072,3,23,generation,burst,fixed,0.9658178329261108,1.0374569816888306,1.036492957317359,174.89483265376782,168.91654826363683,0.061786411999491975,0.0596773729994311,0,0,0,0,0,0,0,0
llama1b,3072,3,23,generation,burst,adaptive,0.9966580878145531,1.0336093807233866,1.0076255337953208,174.89483265376782,174.3103494813505,0.061786411999491975,0.06152496600043378,0,0,0,0,0,0,0,0
llama1b,3072,3,23,balanced,stagger,fixed,1.0127494681409355,1.0471319774298007,0.972848398630096,152.97554446944244,154.92590129999786,0.11208102199998393,0.11248882899963064,0,0,0,0,0,0,0,0
llama1b,3072,3,23,balanced,stagger,adaptive,1.01688855639672,1.126118965527911,0.9933694340541265,152.97554446944244,155.55908057953357,0.11208102199998393,0.11359079999965616,0,0,0,0,0,0,0,0
llama1b,3072,3,23,balanced,burst,fixed,1.0371211067135113,1.0772052904392897,0.9627644397447852,178.72163733685022,185.3559823084449,0.11330627400002413,0.10884955099936633,0,0,0,0,0,0,0,0
llama1b,3072,3,23,balanced,burst,adaptive,1.0065988701209594,0.9995822682589065,0.993866760354761,178.72163733685022,179.9009982094413,0.11330627400002413,0.1122044880003159,0,0,0,0,0,0,0,0
qwen1.5b,3072,6,23,generation,burst,fixed,0.957899843253131,3.44115235241482,1.1147465675868942,165.26146524998737,158.30393165874565,4.680057655001292,0.09648926299996674,2,0,4,0,2120,0,5.842267049001748,0
qwen1.5b,3072,6,23,generation,burst,adaptive,0.9524706776066079,0.9953522136941776,1.0275475985636118,165.26146524998737,157.40669978891634,4.680057655001292,1.0137289479989704,2,1,4,2,2120,970,5.842267049001748,0.013728947998970398
qwen1.5b,3072,6,23,generation,stagger,fixed,0.9427654800433638,30.725145620710432,1.0452231748680079,150.11160809961518,141.520042270115,4.659948221000377,0.16961043999981484,2,0,3,0,1325,0,5.759149582001555,0
qwen1.5b,3072,6,23,generation,stagger,adaptive,1.0248255303054397,1.1003441017523863,0.9757603587180911,150.11160809961518,153.83820837569047,4.659948221000377,5.159854235000239,2,2,3,3,1325,1333,5.759149582001555,6.714773206998871
llama1b,5120,12,23,generation,stagger,fixed,0.9114985275714361,1.147341857845462,1.0849099643585967,216.1918956375891,197.05859454654006,0.05926551900120103,0.0588066179989255,0,0,0,0,0,0,0,0
llama1b,5120,12,23,generation,stagger,adaptive,0.9641968925185712,1.1424055349631077,1.093350529608972,216.1918956375891,208.45155396146268,0.05926551900120103,0.06532241600143607,0,0,0,0,0,0,0,0
llama1b,5120,12,23,balanced,burst,fixed,0.8646276431017943,3.898823871193319,1.1642716381112908,296.9127231851313,256.71894805449557,0.14267118699899584,0.15876645500065933,0,0,0,0,0,0,0,0
llama1b,5120,12,23,balanced,burst,adaptive,0.9901296274751463,1.114460802036403,1.0095230116547333,296.9127231851313,293.9820839999253,0.14267118699899584,0.16056969899909745,0,0,0,0,0,0,0,0
llama1b,5120,12,23,generation,burst,fixed,1.0116277080693994,0.948195981490582,0.9878897805718674,373.91489358744263,378.26266681287797,0.06260909900083789,0.06941029799963871,0,0,0,0,0,0,0,0
llama1b,5120,12,23,generation,burst,adaptive,0.9943198807101357,1.0147402422184326,1.0064363596220727,373.91489358744263,371.79101238760904,0.06260909900083789,0.06651836599849048,0,0,0,0,0,0,0,0
llama1b,5120,12,23,balanced,stagger,fixed,1.0044379873233107,1.039657846252662,0.9976946378556057,157.89291076384475,158.5936375002553,0.11275568199926056,0.11337137699956656,0,0,0,0,0,0,0,0
llama1b,5120,12,23,balanced,stagger,adaptive,0.9832865914257192,0.9735474603464213,1.0281260429445043,157.89291076384475,155.25398203526615,0.11275568199926056,0.1089451679999911,0,0,0,0,0,0,0,0
qwen1.5b,3072,6,77,generation,stagger,fixed,1.011919019317898,0.9906269454246791,0.9888815626329805,183.2586478553942,185.4429112193545,8.414811160999307,9.886666111000523,2,2,5,3,2985,2106,10.911713354002131,12.649733389000176
qwen1.5b,3072,6,77,generation,stagger,adaptive,1.0115504646308047,0.9355132317984826,0.9898021497941082,183.2586478553942,185.375370385737,8.414811160999307,10.166922611999325,2,2,5,3,2985,2096,10.911713354002131,13.234181071999046
qwen1.5b,3072,6,77,generation,burst,fixed,1.0154416665617716,1.003447418614317,1.0100618201056029,211.46563824710302,214.731020122187,8.167685267000707,10.257015773999228,3,3,5,3,2992,2101,10.974650866000957,13.09675568700004
qwen1.5b,3072,6,77,generation,burst,adaptive,1.054774808541915,0.9678836892370604,0.9721173317375672,211.46563824710302,223.04862809528194,8.167685267000707,8.803350743999545,3,3,5,4,2992,2850,10.974650866000957,11.332504001999041
llama1b,5120,6,77,generation,burst,fixed,0.9950082356629203,0.9304910232459371,1.0214934914093552,355.92485035650947,354.14815738181943,0.06431422199966619,0.06596388200159709,0,0,0,0,0,0,0,0
llama1b,5120,6,77,generation,burst,adaptive,0.9856983051281256,0.8758920335970519,1.0119479076670868,355.92485035650947,350.8345217493931,0.06431422199966619,0.061107714998797746,0,0,0,0,0,0,0,0
llama1b,5120,6,77,generation,stagger,fixed,0.99529099594944,1.0638980224411416,1.0053975191295,276.0274634458351,274.72764900240287,0.0627578400017228,0.06430564699985553,0,0,0,0,0,0,0,0
llama1b,5120,6,77,generation,stagger,adaptive,1.0306607194467305,0.9734444596455573,0.9622885492378243,276.0274634458351,284.4906640621405,0.0627578400017228,0.06070702800025174,0,0,0,0,0,0,0,0
llama1b,5120,6,77,balanced,burst,fixed,0.7697680530761852,0.9645997162286212,1.3593518071834148,324.3895892082364,249.70474252300764,0.8752970919995278,0.13317256499976793,0,0,1,0,317,0,0,0
llama1b,5120,6,77,balanced,burst,adaptive,1.020363515238279,0.9767677838672705,0.9803966579656639,324.3895892082364,330.9953015512174,0.8752970919995278,0.838306637999267,0,0,1,1,317,317,0,0
llama1b,5120,6,77,balanced,stagger,fixed,0.8887408762644728,4.4823580074141045,0.9991319985984884,265.5941750581822,236.04439987194866,0.27494831700096256,0.14929157700134965,0,0,1,0,330,0,0,0
llama1b,5120,6,77,balanced,stagger,adaptive,1.0107272886810565,1.0649741103930506,0.9986621876764893,265.5941750581822,268.4432804460384,0.27494831700096256,0.27159147199927247,0,0,1,1,330,332,0,0
llama1b,3072,3,77,generation,burst,fixed,1.0448762045450881,0.967423238824119,0.9568303453350636,196.55444629863962,205.3750638349839,0.0596467119994486,0.06077075000030163,0,0,0,0,0,0,0,0
llama1b,3072,3,77,generation,burst,adaptive,0.9941812959566336,1.0012128815739367,1.0074478286554027,196.55444629863962,195.41075414722008,0.0596467119994486,0.06008536300032574,0,0,0,0,0,0,0,0
llama1b,3072,3,77,balanced,burst,fixed,0.8706361569392921,0.9725402275028602,1.181013127302523,181.07566485594347,157.65102096540585,3.3097157680003875,0.11006347500006086,1,0,1,0,548,0,2.3097157680003875,0
llama1b,3072,3,77,balanced,burst,adaptive,1.011231229076384,0.9722019826711711,0.9879130137333099,181.07566485594347,183.10936712809914,3.3097157680003875,3.1513013990006584,1,1,1,1,548,547,2.3097157680003875,2.1513013990006584
llama1b,3072,3,77,generation,stagger,fixed,0.9858323478790254,1.0955808016678588,1.023266246500139,173.55691510576088,171.09802110935294,0.06077961699884327,0.06533608800054935,0,0,0,0,0,0,0,0
llama1b,3072,3,77,generation,stagger,adaptive,0.9947758080416652,1.009676445172459,1.0065878733755027,173.55691510576088,172.65022046555197,0.06077961699884327,0.06294365599933371,0,0,0,0,0,0,0,0
llama1b,3072,3,77,balanced,stagger,fixed,0.8426971235262225,1.2277886849610873,1.2730405253911043,177.2118101080382,149.33588263291895,3.6290722910016484,0.10112535200096318,1,0,1,0,562,0,2.6290722910016484,0
llama1b,3072,3,77,balanced,stagger,adaptive,1.000042150498055,0.9848985688629216,0.9973189267555055,177.2118101080382,177.2192796740955,3.6290722910016484,3.5271564570011833,1,1,1,1,562,561,2.6290722910016484,2.5271564570011833
qwen1.5b,12288,12,77,generation,stagger,fixed,0.9543979576856193,1.0828815450079885,1.0673054324908953,237.6808751862913,226.84214185872702,0.08288063100008003,0.09381735900024069,0,0,0,0,0,0,0,0
qwen1.5b,12288,12,77,generation,stagger,adaptive,0.9753131918128755,0.9881417103773326,1.0327049003075475,237.6808751862913,231.81329301081945,0.08288063100008003,0.08738573099981295,0,0,0,0,0,0,0,0
qwen1.5b,12288,12,77,generation,burst,fixed,1.0304789453526162,0.9190147511573192,0.9701056352684059,288.7988483993357,297.6011327175976,0.09102443099982338,0.08933169999909296,0,0,0,0,0,0,0,0
qwen1.5b,12288,12,77,generation,burst,adaptive,0.9737974092859184,0.9306693908520471,1.0260366459510242,288.7988483993357,281.2315703760298,0.09102443099982338,0.11359554900082003,0,0,0,0,0,0,0,0
llama1b,12288,12,77,generation,stagger,fixed,1.0124056012769465,1.031159103483376,0.9835355187273349,275.63342167740416,279.05282000533447,0.06320335399868782,0.06147868399966683,0,0,0,0,0,0,0,0
llama1b,12288,12,77,generation,stagger,adaptive,0.9872074285589316,1.0911720567017242,1.0208471529753909,275.63342167740416,272.10736143904984,0.06320335399868782,0.06396143399979337,0,0,0,0,0,0,0,0
llama1b,12288,12,77,balanced,stagger,fixed,1.0401507314828675,0.9528655452705044,0.949324070531599,260.8447162141095,271.31782237354696,0.12161919700156432,0.11528550000002724,0,0,0,0,0,0,0,0
llama1b,12288,12,77,balanced,stagger,adaptive,1.022386222599924,0.9702019315429056,0.9542811953162451,260.8447162141095,266.68404409529256,0.12161919700156432,0.11658913800056325,0,0,0,0,0,0,0,0
llama1b,12288,12,77,generation,burst,fixed,0.9107616445083679,1.228415488425891,1.1007032378439119,375.8916027247855,342.3476542545118,0.06819607699981134,0.08066293199954089,0,0,0,0,0,0,0,0
llama1b,12288,12,77,generation,burst,adaptive,0.9953421164175777,0.9316683131541021,1.0047083182986636,375.8916027247855,374.14074339968334,0.06819607699981134,0.06277857799977937,0,0,0,0,0,0,0,0
llama1b,12288,12,77,balanced,burst,fixed,1.004151964608818,0.9797674060082175,0.995816041809034,361.0303252655542,362.5293103987668,0.13986741900043853,0.13795235600082378,0,0,0,0,0,0,0,0
llama1b,12288,12,77,balanced,burst,adaptive,0.966758205471948,0.9693096182236124,1.0347509233540007,361.0303252655542,349.0290293746809,0.13986741900043853,0.13939095500063559,0,0,0,0,0,0,0,0
llama1b,3072,12,77,balanced,burst,fixed,0.8239313367022043,1.0945697501120824,1.3105553080640742,205.54741347080287,169.3569551366793,3.2881467239985795,0.10925977000079001,3,0,5,0,2291,0,2.535510184996383,0
llama1b,3072,12,77,balanced,burst,adaptive,0.9799041044483392,1.039326589562036,1.0384332260903448,205.54741347080287,201.41675411877958,3.2881467239985795,1.1446928090008441,3,1,5,2,2291,1261,2.535510184996383,0.14469280900084414
llama1b,3072,12,77,generation,stagger,fixed,1.0081579031772847,0.9589885034123697,1.0231028292032178,237.8310118278484,239.77121419489566,8.882065563000651,7.2825438089985255,3,2,7,3,3633,2060,15.148068413000146,8.727178260998699
llama1b,3072,12,77,generation,stagger,adaptive,1.010583269166878,1.0320433275752352,1.0023974354664833,237.8310118278484,240.34804144225345,8.882065563000651,9.247533811998437,3,3,7,4,3633,2606,15.148068413000146,16.831030352997914
llama1b,3072,12,77,generation,burst,fixed,0.9768196470382811,1.056640236287344,1.0433227488126304,304.38442627373473,297.32868783665924,9.536520301000564,8.199430091000977,5,2,8,3,4357,2132,32.40816870399976,9.804408658001194
llama1b,3072,12,77,generation,burst,adaptive,0.9796898000794607,1.0414847507527283,1.040176737676771,304.38442627373473,298.2023177234165,9.536520301000564,8.210771044001376,5,2,8,4,4357,2737,32.40816870399976,9.802938229000574
llama1b,3072,12,77,balanced,stagger,fixed,0.8157148604163386,2.2780166794721284,1.4126503018032202,198.31437513139937,161.76798282886284,4.07992473000013,0.10221603899844922,2,0,4,0,1918,0,5.53815971900076,0
llama1b,3072,12,77,balanced,stagger,adaptive,1.0124586163934342,0.9939704775017301,1.0066540307649343,198.31437513139937,200.78509785646506,4.07992473000013,3.9619264909997582,2,2,4,2,1918,694,5.53815971900076,5.299931128000026
llama1b,5120,3,77,balanced,burst,fixed,1.0016413346930968,0.9961646780210551,0.9971470666762801,193.69502649397256,194.01294486083742,0.11356091599918727,0.11336040800051705,0,0,0,0,0,0,0,0
llama1b,5120,3,77,balanced,burst,adaptive,0.9751153206291576,1.0182346262477981,1.0239885398231068,193.69502649397256,188.87498786394323,0.11356091599918727,0.11304091599959065,0,0,0,0,0,0,0,0
llama1b,5120,3,77,generation,burst,fixed,1.000182051366876,1.0148560258751684,1.0005572036542636,201.15203145289712,201.188651455173,0.060187961000337964,0.05926262699904328,0,0,0,0,0,0,0,0
llama1b,5120,3,77,generation,burst,adaptive,0.9942771852843936,1.009854506372984,1.0065557909723228,201.15203145289712,200.00087564722435,0.060187961000337964,0.06259512300130154,0,0,0,0,0,0,0,0
llama1b,5120,3,77,generation,stagger,fixed,0.9996371270462251,0.9997412812981694,1.0021627529598964,176.24375914647996,176.1798050530141,0.06387483199978305,0.06069329199999629,0,0,0,0,0,0,0,0
llama1b,5120,3,77,generation,stagger,adaptive,1.0015421338673842,0.9920199768306355,1.000169850590341,176.24375914647996,176.51555061637487,0.06387483199978305,0.06194511099965894,0,0,0,0,0,0,0,0
llama1b,5120,3,77,balanced,stagger,fixed,0.9872991849194995,1.0117961418670993,1.0181832933841024,185.78677601421387,183.42713252765498,0.10998931200083462,0.1124547170002188,0,0,0,0,0,0,0,0
llama1b,5120,3,77,balanced,stagger,adaptive,0.9965558681452321,0.9936951255203621,1.0018684598661511,185.78677601421387,185.1469018607487,0.10998931200083462,0.11377142799938156,0,0,0,0,0,0,0,0
llama1b,5120,12,77,generation,burst,fixed,1.0060471013608945,1.165885052751328,0.9950087017817735,391.72212171521056,394.0909050905271,0.061044882000715006,0.06257264799933182,0,0,0,0,0,0,0,0
llama1b,5120,12,77,generation,burst,adaptive,1.0000073204506514,1.0118218837371495,0.9987961158043502,391.72212171521056,391.7249892976717,0.061044882000715006,0.0635672850003175,0,0,0,0,0,0,0,0
llama1b,5120,12,77,balanced,stagger,fixed,0.8816161077145372,5.213330823614509,1.0085305801451385,278.24294916004715,245.30346583749463,0.11195449400111102,0.14063223900120647,0,0,0,0,0,0,0,0
llama1b,5120,12,77,balanced,stagger,adaptive,1.0040675583494643,0.9463150743197724,0.9935970757599537,278.24294916004715,279.3747185910826,0.11195449400111102,0.11286527999982354,0,0,0,0,0,0,0,0
llama1b,5120,12,77,generation,stagger,fixed,1.0030035399468031,1.033658646093269,0.9973934767735577,285.30573380363535,286.1626609721665,0.05993051500081492,0.06085143099880952,0,0,0,0,0,0,0,0
llama1b,5120,12,77,generation,stagger,adaptive,1.0047038828006503,0.9820256857678125,0.9941262328404186,285.30573380363535,286.6477785378012,0.05993051500081492,0.06265221399917209,0,0,0,0,0,0,0,0
llama1b,5120,12,77,balanced,burst,fixed,0.6959639548531914,5.157699439507875,1.3958520399633834,371.57001656655484,258.59933823452536,0.16985430800014,0.1298739049998403,0,0,0,0,0,0,0,0
llama1b,5120,12,77,balanced,burst,adaptive,1.0001543452328046,0.9435643467750493,0.9987211387536528,371.57001656655484,371.627366627265,0.16985430800014,0.15772070599996368,0,0,0,0,0,0,0,0
