seed,arrival,policy,low_throughput,high_throughput,policy_throughput,default_gain_ratio,gain_retained,default_stalled,policy_stalled
23,burst,adaptive,174.93758892892234,230.19397066171834,193.84668312640628,0.31586340060538287,0.3422065217538653,2,1
23,burst,fixed,174.93758892892234,230.19397066171834,203.26480023108797,0.31586340060538287,0.5126504923747613,2,0
23,burst,adaptive_resume,174.93758892892234,230.19397066171834,201.67295979846733,0.31586340060538287,0.4838422283751689,2,1
23,burst,fixed_resume,174.93758892892234,230.19397066171834,199.15996312745762,0.31586340060538287,0.43836337883409965,2,0
23,stagger,adaptive_resume,167.8995885559913,194.24392719666727,196.99423519854273,0.15690531982388167,1.1043984455024027,2,1
23,stagger,adaptive,167.8995885559913,194.24392719666727,197.37143777700092,0.15690531982388167,1.1187166101602086,2,2
23,stagger,fixed_resume,167.8995885559913,194.24392719666727,180.95280845655884,0.15690531982388167,0.49548482042412006,2,0
23,stagger,fixed,167.8995885559913,194.24392719666727,180.3059867684282,0.15690531982388167,0.47093223260049016,2,0
77,stagger,fixed_resume,178.2225117364109,221.85425645624778,228.43934019377411,0.24481612504916184,1.150924144331374,3,2
77,stagger,adaptive_resume,178.2225117364109,221.85425645624778,204.67889208710164,0.24481612504916184,0.6063562326138778,3,3
77,stagger,fixed,178.2225117364109,221.85425645624778,218.8689726686699,0.24481612504916184,0.931580004266466,3,2
77,stagger,adaptive,178.2225117364109,221.85425645624778,221.2095901753831,0.24481612504916184,0.9852248337763221,3,3
77,burst,fixed,200.32328291074498,285.12026809072165,280.1614877131809,0.42330069649346935,0.9415217372762014,5,2
77,burst,fixed_resume,200.32328291074498,285.12026809072165,270.33162034126144,0.42330069649346935,0.8255993686795331,5,2
77,burst,adaptive_resume,200.32328291074498,285.12026809072165,270.7046552822594,0.42330069649346935,0.8299985220245043,5,2
77,burst,adaptive,200.32328291074498,285.12026809072165,264.8700065084559,0.42330069649346935,0.7611912553343052,5,2
