trial,model,slots,cap,seed,mix,arrival,policy,index,engine_request,preempt_perf_s,replay_start_perf_s,next_delivery_perf_s,wait_s,replay_to_delivery_s,preempt_to_delivery_s,computed_lost,generated_at_eviction,client_started_at_eviction,client_started_before_replay,intervening_preemptions,allocation_attempts,waived_attempts,binding_waiver_admissions,admission_tracing_available,no_attempt_decision_s,capacity_decision_s,watermark_decision_s,other_decision_s,admit_decision_s
study00_a1_s23_qwen1.5b_kv3072_cap6-00_generation_burst_adaptive,qwen1.5b,3072,6,23,generation,burst,adaptive,8,cmpl-study00_a1_s23_qwen1.5b_kv3072_cap6-00_generation_burst_adaptive-r8-0-9555abcc,2886.286772496,2886.523383905,2886.660770911,0.23661140900003375,0.13738700599969889,0.37399841499973263,552,40,True,True,0,14,0,0,True,0.018900045000009413,0.21748420699987037,0.0,0.0,0.00022715700015396578
study00_a1_s23_qwen1.5b_kv3072_cap6-00_generation_burst_adaptive,qwen1.5b,3072,6,23,generation,burst,adaptive,9,cmpl-study00_a1_s23_qwen1.5b_kv3072_cap6-00_generation_burst_adaptive-r9-0-9f31826a,2889.417337389,2890.316461297,2890.402542972,0.8991239080000923,0.08608167500005948,0.9852055830001518,418,162,True,True,0,53,0,0,True,0.017358080000121845,0.8816573389999576,0.0,0.0,0.0001084890000129235
study00_a1_s23_qwen1.5b_kv3072_cap6-03_generation_burst_baseline,qwen1.5b,3072,6,23,generation,burst,baseline,8,cmpl-study00_a1_s23_qwen1.5b_kv3072_cap6-03_generation_burst_baseline-r8-0-8b3b9f7b,2970.685854819,2970.932379479,2971.068182917,0.2465246599999773,0.13580343800003902,0.3823280980000163,553,41,True,True,0,14,0,0,True,0.01647468300006949,0.2295851520002543,0.0,0.0,0.00046482499965350144
study00_a1_s23_qwen1.5b_kv3072_cap6-03_generation_burst_baseline,qwen1.5b,3072,6,23,generation,burst,baseline,9,cmpl-study00_a1_s23_qwen1.5b_kv3072_cap6-03_generation_burst_baseline-r9-0-816f8a98,2973.90884529,2974.794878631,2974.878980765,0.886033340999802,0.08410213400020439,0.9701354750000064,418,162,True,True,0,52,0,0,True,0.017500556999948458,0.8683234199997969,0.0,0.0,0.00020936400005666655
study00_a1_s23_qwen1.5b_kv3072_cap6-03_generation_burst_baseline,qwen1.5b,3072,6,23,generation,burst,baseline,10,cmpl-study00_a1_s23_qwen1.5b_kv3072_cap6-03_generation_burst_baseline-r10-0-9d512140,2971.977717899,2976.448873684,2976.555662844,4.4711557850000645,0.10678916000006211,4.577944945000127,557,45,True,True,0,206,0,0,True,0.018067203000100562,4.452951189000032,0.0,0.0,0.00013739299993176246
study00_a1_s23_qwen1.5b_kv3072_cap6-03_generation_burst_baseline,qwen1.5b,3072,6,23,generation,burst,baseline,10,cmpl-study00_a1_s23_qwen1.5b_kv3072_cap6-03_generation_burst_baseline-r10-0-9d512140,2977.122921193,2980.024167432,2980.166210316,2.901246239000102,0.14204288400014775,3.0432891230002497,592,80,True,True,0,170,0,0,True,0.017291776000092796,2.88371313000016,0.0,0.0,0.0002413329998489644
study00_a1_s23_qwen1.5b_kv3072_cap6-04_generation_stagger_adaptive_resume,qwen1.5b,3072,6,23,generation,stagger,adaptive_resume,8,cmpl-study00_a1_s23_qwen1.5b_kv3072_cap6-04_generation_stagger_adaptive_resume-r8-0-b31c5c3a,3002.887392907,3005.576750699,3005.74791134,2.68935779200001,0.1711606409999149,2.8605184329999247,711,199,True,True,0,158,158,1,True,0.01731631299981018,2.67186179600003,0.0,0.0,0.0001796830001694616
study00_a1_s23_qwen1.5b_kv3072_cap6-04_generation_stagger_adaptive_resume,qwen1.5b,3072,6,23,generation,stagger,adaptive_resume,9,cmpl-study00_a1_s23_qwen1.5b_kv3072_cap6-04_generation_stagger_adaptive_resume-r9-0-bf0cfc26,3000.09926486,3000.590870648,3000.65611372,0.4916057880000153,0.06524307200015755,0.5568488600001729,264,8,True,True,0,28,28,0,True,0.017447699000058492,0.47398597399978826,0.0,0.0,0.00017211500016856007
study00_a1_s23_qwen1.5b_kv3072_cap6-04_generation_stagger_adaptive_resume,qwen1.5b,3072,6,23,generation,stagger,adaptive_resume,9,cmpl-study00_a1_s23_qwen1.5b_kv3072_cap6-04_generation_stagger_adaptive_resume-r9-0-bf0cfc26,3001.520191149,3005.576750699,3005.747776757,4.056559550000202,0.17102605799982484,4.227585608000027,316,60,True,True,0,80,80,1,True,0.017603113999939524,4.03886278400023,0.0,0.0,9.365200003230711e-05
study00_a1_s23_qwen1.5b_kv3072_cap6-06_generation_stagger_baseline,qwen1.5b,3072,6,23,generation,stagger,baseline,8,cmpl-study00_a1_s23_qwen1.5b_kv3072_cap6-06_generation_stagger_baseline-r8-0-8e302d24,3057.629836398,3060.32254394,3060.494565134,2.69270754199988,0.17202119400008087,2.864728735999961,714,202,True,True,0,157,0,0,True,0.01739223899994613,2.6751058079998984,0.0,0.0,0.00020949500003553112
study00_a1_s23_qwen1.5b_kv3072_cap6-06_generation_stagger_baseline,qwen1.5b,3072,6,23,generation,stagger,baseline,9,cmpl-study00_a1_s23_qwen1.5b_kv3072_cap6-06_generation_stagger_baseline-r9-0-9ca11f26,3054.829339483,3055.295751538,3055.364652711,0.46641205500009164,0.06890117300008569,0.5353132280001773,266,10,True,True,0,27,0,0,True,0.020733426000333566,0.44557383599976674,0.0,0.0,0.00010479299999133218
study00_a1_s23_qwen1.5b_kv3072_cap6-06_generation_stagger_baseline,qwen1.5b,3072,6,23,generation,stagger,baseline,9,cmpl-study00_a1_s23_qwen1.5b_kv3072_cap6-06_generation_stagger_baseline-r9-0-9ca11f26,3056.246669519,3060.32254394,3060.49462131,4.075874420999753,0.17207737000035195,4.247951791000105,319,63,True,True,0,80,0,0,True,0.016200080000089656,4.059554057999776,0.0,0.0,0.00012028299988742219
study00_a1_s23_qwen1.5b_kv3072_cap6-07_generation_stagger_adaptive,qwen1.5b,3072,6,23,generation,stagger,adaptive,8,cmpl-study00_a1_s23_qwen1.5b_kv3072_cap6-07_generation_stagger_adaptive-r8-0-992a2cc1,3085.053925028,3088.062290121,3088.314629364,3.008365093000066,0.25233924300027866,3.2607043360003445,712,200,True,True,0,176,0,0,True,0.016710818000319705,2.6849326839997048,0.3065237169998909,0.0,0.00019787400015047751
study00_a1_s23_qwen1.5b_kv3072_cap6-07_generation_stagger_adaptive,qwen1.5b,3072,6,23,generation,stagger,adaptive,9,cmpl-study00_a1_s23_qwen1.5b_kv3072_cap6-07_generation_stagger_adaptive-r9-0-90cbab7a,3082.247509579,3082.716602884,3082.786945624,0.4690933050001149,0.07034273999988727,0.5394360450000022,265,9,True,True,0,27,0,0,True,0.017336234000140394,0.4516410379997069,0.0,0.0,0.00011603300026763463
study00_a1_s23_qwen1.5b_kv3072_cap6-07_generation_stagger_adaptive,qwen1.5b,3072,6,23,generation,stagger,adaptive,9,cmpl-study00_a1_s23_qwen1.5b_kv3072_cap6-07_generation_stagger_adaptive-r9-0-90cbab7a,3083.66828233,3088.062290121,3088.314684609,4.394007791000149,0.25239448799993625,4.646402279000085,318,62,True,True,0,80,0,0,True,0.016540533000352298,4.377347968999857,0.0,0.0,0.00011928899994018138
study00_a1_s23_qwen1.5b_kv3072_cap6-08_generation_burst_adaptive_resume,qwen1.5b,3072,6,23,generation,burst,adaptive_resume,8,cmpl-study00_a1_s23_qwen1.5b_kv3072_cap6-08_generation_burst_adaptive_resume-r8-0-978fa93c,3106.65648203,3106.89734552,3107.034045748,0.24086348999981055,0.1367002280003362,0.37756371800014676,553,41,True,True,0,14,14,0,True,0.017965836999792373,0.22272235000036744,0.0,0.0,0.00017530299965073937
study00_a1_s23_qwen1.5b_kv3072_cap6-08_generation_burst_adaptive_resume,qwen1.5b,3072,6,23,generation,burst,adaptive_resume,9,cmpl-study00_a1_s23_qwen1.5b_kv3072_cap6-08_generation_burst_adaptive_resume-r9-0-97dad67a,3109.820814132,3110.710955051,3110.797042943,0.8901409189998049,0.08608789200025058,0.9762288110000554,418,162,True,True,0,52,52,0,True,0.017319341000074928,0.8726558999996996,0.0,0.0,0.00016567800003031152
study02_a1_s23_llama1b_kv3072_cap12-00_generation_burst_adaptive,llama1b,3072,12,23,generation,burst,adaptive,8,cmpl-study02_a1_s23_llama1b_kv3072_cap12-00_generation_burst_adaptive-r8-0-aa56e462,3262.332516677,3262.650540906,3262.728361443,0.3180242290000024,0.07782053699975222,0.3958447659997546,550,38,True,True,0,22,0,0,True,0.014872388999719988,0.2591060380000272,0.04370451100021455,0.0,0.0003412910000406555
study02_a1_s23_llama1b_kv3072_cap12-00_generation_burst_adaptive,llama1b,3072,12,23,generation,burst,adaptive,8,cmpl-study02_a1_s23_llama1b_kv3072_cap12-00_generation_burst_adaptive-r8-0-aa56e462,3264.667933209,3265.367800462,3265.457415463,0.6998672530003205,0.08961500099985642,0.7894822540001769,686,174,True,True,0,50,0,0,True,0.011849354000332823,0.5779268239998601,0.1098617379998359,0.0,0.00022933700029170723
study02_a1_s23_llama1b_kv3072_cap12-00_generation_burst_adaptive,llama1b,3072,12,23,generation,burst,adaptive,9,cmpl-study02_a1_s23_llama1b_kv3072_cap12-00_generation_burst_adaptive-r9-0-ba115e69,3263.891417258,3266.609724612,3266.661187085,2.7183073539999896,0.05146247300035611,2.7697698270003457,335,79,True,True,0,136,0,0,True,0.018240215000332682,1.4580631669996365,1.2418522040002244,0.0,0.0001517679997959931
study02_a1_s23_llama1b_kv3072_cap12-01_generation_stagger_adaptive_resume,llama1b,3072,12,23,generation,stagger,adaptive_resume,8,cmpl-study02_a1_s23_llama1b_kv3072_cap12-01_generation_stagger_adaptive_resume-r8-0-a62478e1,3291.419756346,3291.727480943,3291.80308619,0.307724596999833,0.07560524700011229,0.3833298439999453,512,0,False,True,0,19,19,0,True,0.058813514999656036,0.24862470600010056,0.0,0.0,0.00028637600007641595
study02_a1_s23_llama1b_kv3072_cap12-01_generation_stagger_adaptive_resume,llama1b,3072,12,23,generation,stagger,adaptive_resume,8,cmpl-study02_a1_s23_llama1b_kv3072_cap12-01_generation_stagger_adaptive_resume-r8-0-a62478e1,3293.560441912,3295.240147244,3295.318984343,1.6797053320001396,0.07883709899988389,1.7585424310000235,636,124,True,True,0,122,122,0,True,0.013976077999814152,1.6655382950002604,0.0,0.0,0.00019095900006504962
study02_a1_s23_llama1b_kv3072_cap12-02_balanced_stagger_baseline,llama1b,3072,12,23,balanced,stagger,baseline,4,cmpl-study02_a1_s23_llama1b_kv3072_cap12-02_balanced_stagger_baseline-r4-0-90806d22,3309.738587166,3310.302676566,3310.376995784,0.5640894000002845,0.07431921799980046,0.638408618000085,541,29,True,True,0,32,0,0,True,0.016912028000206192,0.5470191389999854,0.0,0.0,0.00015823300009287777
study02_a1_s23_llama1b_kv3072_cap12-06_generation_stagger_adaptive,llama1b,3072,12,23,generation,stagger,adaptive,8,cmpl-study02_a1_s23_llama1b_kv3072_cap12-06_generation_stagger_adaptive-r8-0-aa34b05c,3386.957874502,3388.667500039,3388.744552329,1.7096255370001927,0.07705228999975589,1.7866778269999486,627,115,True,True,0,120,0,0,True,0.014173915000355919,1.6951861839997946,0.0,0.0,0.0002654380000421952
study02_a1_s23_llama1b_kv3072_cap12-06_generation_stagger_adaptive,llama1b,3072,12,23,generation,stagger,adaptive,9,cmpl-study02_a1_s23_llama1b_kv3072_cap12-06_generation_stagger_adaptive-r9-0-b6ca567b,3385.375594786,3389.024255948,3389.123818406,3.6486611619998257,0.09956245800003671,3.7482236199998624,257,1,False,True,0,136,0,0,True,0.015070627000113745,2.6278715080002257,1.0055229489998965,0.0,0.00019607799958976102
study02_a1_s23_llama1b_kv3072_cap12-07_balanced_burst_baseline,llama1b,3072,12,23,balanced,burst,baseline,5,cmpl-study02_a1_s23_llama1b_kv3072_cap12-07_balanced_burst_baseline-r5-0-90c46367,3400.997322993,3401.193449354,3401.232510214,0.19612636100009695,0.03906085999960851,0.23518722099970546,176,48,True,True,0,14,0,0,True,0.015224689999740804,0.1806582110002637,0.0,0.0,0.00024346000009245472
study02_a1_s23_llama1b_kv3072_cap12-07_balanced_burst_baseline,llama1b,3072,12,23,balanced,burst,baseline,6,cmpl-study02_a1_s23_llama1b_kv3072_cap12-07_balanced_burst_baseline-r6-0-9d5dbd81,3403.03236257,3403.90875166,3404.089624262,0.8763890899999751,0.18087260200036326,1.0572616920003384,1082,58,True,True,0,64,0,0,True,0.013822903000345832,0.8623642909997216,0.0,0.0,0.00020189599990771967
study02_a1_s23_llama1b_kv3072_cap12-07_balanced_burst_baseline,llama1b,3072,12,23,balanced,burst,baseline,11,cmpl-study02_a1_s23_llama1b_kv3072_cap12-07_balanced_burst_baseline-r11-0-a1edaf9f,3405.859230396,3406.08162228,3406.121243569,0.22239188399998966,0.03962128900002426,0.2620131730000139,176,48,True,True,0,16,0,0,True,0.01501032500027577,0.20725597399996332,0.0,0.0,0.00012558499975057202
study02_a1_s23_llama1b_kv3072_cap12-07_balanced_burst_baseline,llama1b,3072,12,23,balanced,burst,baseline,10,cmpl-study02_a1_s23_llama1b_kv3072_cap12-07_balanced_burst_baseline-r10-0-933cae5d,3407.240837575,3407.841573564,3407.903311694,0.6007359889999861,0.06173812999986694,0.6624741189998531,400,144,True,True,0,42,0,0,True,0.014575082999726874,0.5860422740001923,0.0,0.0,0.00011863200006700936
study02_a1_s23_llama1b_kv3072_cap12-10_generation_stagger_baseline,llama1b,3072,12,23,generation,stagger,baseline,8,cmpl-study02_a1_s23_llama1b_kv3072_cap12-10_generation_stagger_baseline-r8-0-8bf60df6,3460.094324295,3460.37750424,3460.467194521,0.2831799449995742,0.08969028100000287,0.3728702259995771,525,13,True,True,0,16,0,0,True,0.019037910999941232,0.2639652429998023,0.0,0.0,0.00017679099983070046
study02_a1_s23_llama1b_kv3072_cap12-10_generation_stagger_baseline,llama1b,3072,12,23,generation,stagger,baseline,8,cmpl-study02_a1_s23_llama1b_kv3072_cap12-10_generation_stagger_baseline-r8-0-8bf60df6,3462.283386786,3463.999286904,3464.114558906,1.7159001180002633,0.11527200199998333,1.8311721200002467,651,139,True,True,0,122,0,0,True,0.01456579400019109,1.7007318629998736,0.0,0.0,0.000602461000198673
study02_a1_s23_llama1b_kv3072_cap12-10_generation_stagger_baseline,llama1b,3072,12,23,generation,stagger,baseline,9,cmpl-study02_a1_s23_llama1b_kv3072_cap12-10_generation_stagger_baseline-r9-0-94776a86,3461.18743795,3463.999286904,3464.114650264,2.8118489540001974,0.11536335999971925,2.9272123139999167,294,38,True,True,0,78,0,0,True,0.014250072999857366,2.7972812430002705,0.0,0.0,0.00031763800006956444
study02_a1_s23_llama1b_kv3072_cap12-11_balanced_burst_adaptive,llama1b,3072,12,23,balanced,burst,adaptive,5,cmpl-study02_a1_s23_llama1b_kv3072_cap12-11_balanced_burst_adaptive-r5-0-8276ed7a,3476.118643347,3476.312702848,3476.349870347,0.19405950099962865,0.03716749900013383,0.23122699999976248,176,48,True,True,0,14,0,0,True,0.013500587999715208,0.1803831430001992,0.0,0.0,0.00017576999971424812
study02_a1_s23_llama1b_kv3072_cap12-11_balanced_burst_adaptive,llama1b,3072,12,23,balanced,burst,adaptive,10,cmpl-study02_a1_s23_llama1b_kv3072_cap12-11_balanced_burst_adaptive-r10-0-90bdfff7,3482.526009287,3482.730601532,3482.795789843,0.20459224500018536,0.06518831099992894,0.2697805560001143,368,112,True,True,0,15,0,0,True,0.014307461000043986,0.1900899480001499,0.0,0.0,0.00019483599999148282
study02_a1_s23_llama1b_kv3072_cap12-13_generation_burst_baseline,llama1b,3072,12,23,generation,burst,baseline,8,cmpl-study02_a1_s23_llama1b_kv3072_cap12-13_generation_burst_baseline-r8-0-8723b74a,3511.146788295,3511.409579118,3511.490004837,0.2627908229997047,0.08042571900023177,0.34321654199993645,551,39,True,True,0,19,0,0,True,0.015410402999805228,0.2472176189999118,0.0,0.0,0.00016280099998766673
study02_a1_s23_llama1b_kv3072_cap12-13_generation_burst_baseline,llama1b,3072,12,23,generation,burst,baseline,8,cmpl-study02_a1_s23_llama1b_kv3072_cap12-13_generation_burst_baseline-r8-0-8723b74a,3513.46195195,3514.071954544,3514.202072008,0.6100025939999796,0.1301174639997953,0.7401200579997749,688,176,True,True,0,44,0,0,True,0.014444986999933462,0.5953509040000426,0.0,0.0,0.00020670300000347197
study02_a1_s23_llama1b_kv3072_cap12-13_generation_burst_baseline,llama1b,3072,12,23,generation,burst,baseline,9,cmpl-study02_a1_s23_llama1b_kv3072_cap12-13_generation_burst_baseline-r9-0-88bc7efa,3510.740998652,3511.489211616,3511.543340127,0.7482129639997765,0.05412851100027183,0.8023414750000484,264,8,True,True,0,31,0,0,True,0.01577809599984903,0.732261440000002,0.0,0.0,0.00017342799992547953
study02_a1_s23_llama1b_kv3072_cap12-13_generation_burst_baseline,llama1b,3072,12,23,generation,burst,baseline,9,cmpl-study02_a1_s23_llama1b_kv3072_cap12-13_generation_burst_baseline-r9-0-88bc7efa,3512.624532241,3514.071954544,3514.202018511,1.4474223030001667,0.1300639669998418,1.5774862700000085,339,83,True,True,0,60,0,0,True,0.013667392000115797,1.4336598830000185,0.0,0.0,9.502800003247103e-05
study02_a1_s23_llama1b_kv3072_cap12-13_generation_burst_baseline,llama1b,3072,12,23,generation,burst,baseline,11,cmpl-study02_a1_s23_llama1b_kv3072_cap12-13_generation_burst_baseline-r11-0-9fbe48ca,3515.876956804,3516.715072366,3516.832160241,0.8381155619999845,0.11708787499992468,0.9552034369999092,288,32,True,True,0,53,0,0,True,0.01387402899990775,0.8241740419998678,0.0,0.0,6.749100020897458e-05
study02_a1_s23_llama1b_kv3072_cap12-13_generation_burst_baseline,llama1b,3072,12,23,generation,burst,baseline,10,cmpl-study02_a1_s23_llama1b_kv3072_cap12-13_generation_burst_baseline-r10-0-bae97ceb,3511.640870977,3514.290937471,3514.366140922,2.6500664939999297,0.07520345100010672,2.7252699450000364,514,2,True,True,0,78,0,0,True,0.013640414000292367,2.636279949999789,0.0,0.0,0.00014612999984819908
study02_a1_s23_llama1b_kv3072_cap12-13_generation_burst_baseline,llama1b,3072,12,23,generation,burst,baseline,10,cmpl-study02_a1_s23_llama1b_kv3072_cap12-13_generation_burst_baseline-r10-0-bae97ceb,3514.449120754,3515.342035973,3515.446212878,0.8929152189998604,0.10417690500025856,0.9970921240001189,522,10,True,True,0,64,0,0,True,0.013332028000149876,0.8793831650000357,0.0,0.0,0.00020002599967483548
study02_a1_s23_llama1b_kv3072_cap12-13_generation_burst_baseline,llama1b,3072,12,23,generation,burst,baseline,10,cmpl-study02_a1_s23_llama1b_kv3072_cap12-13_generation_burst_baseline-r10-0-bae97ceb,3516.615421928,3516.715072366,3516.832225727,0.09965043800002604,0.1171533609999642,0.21680379899999025,608,96,True,True,0,7,0,0,True,0.013749973999892973,0.08574346399973365,0.0,0.0,0.00015700000039942097
study02_a1_s23_llama1b_kv3072_cap12-13_generation_burst_baseline,llama1b,3072,12,23,generation,burst,baseline,10,cmpl-study02_a1_s23_llama1b_kv3072_cap12-13_generation_burst_baseline-r10-0-bae97ceb,3518.594813367,3521.548546082,3521.646770327,2.9537327150001147,0.09822424499998306,3.0519569600000978,736,224,True,True,0,213,0,0,True,0.013451487000111229,2.940170276000117,0.0,0.0,0.00011095199988631066
study02_a1_s23_llama1b_kv3072_cap12-14_generation_burst_adaptive_resume,llama1b,3072,12,23,generation,burst,adaptive_resume,8,cmpl-study02_a1_s23_llama1b_kv3072_cap12-14_generation_burst_adaptive_resume-r8-0-ac7c04a5,3530.259624389,3530.525644814,3530.60498045,0.26602042500007883,0.07933563599999616,0.345356061000075,550,38,True,True,0,19,19,1,True,0.013498592000360077,0.2523433739997927,0.0,0.0,0.00017845899992607883
study02_a1_s23_llama1b_kv3072_cap12-14_generation_burst_adaptive_resume,llama1b,3072,12,23,generation,burst,adaptive_resume,8,cmpl-study02_a1_s23_llama1b_kv3072_cap12-14_generation_burst_adaptive_resume-r8-0-ac7c04a5,3532.51528165,3533.122429779,3533.249113598,0.607148129000052,0.1266838189999362,0.7338319479999882,688,176,True,True,0,43,43,1,True,0.013718379000238201,0.5932318519999171,0.0,0.0,0.0001978979998966679
study02_a1_s23_llama1b_kv3072_cap12-14_generation_burst_adaptive_resume,llama1b,3072,12,23,generation,burst,adaptive_resume,9,cmpl-study02_a1_s23_llama1b_kv3072_cap12-14_generation_burst_adaptive_resume-r9-0-b2b01612,3531.779852237,3533.122429779,3533.248915993,1.3425775420000718,0.12648621400012416,1.469063756000196,335,79,True,True,0,53,53,1,True,0.013347127000088221,1.3291160260000652,0.0,0.0,0.00011438899991844664
study02_a1_s23_llama1b_kv3072_cap12-15_balanced_burst_adaptive_resume,llama1b,3072,12,23,balanced,burst,adaptive_resume,5,cmpl-study02_a1_s23_llama1b_kv3072_cap12-15_balanced_burst_adaptive_resume-r5-0-838f3437,3552.15783543,3552.355220882,3552.3926496,0.19738545200016233,0.03742871799977365,0.23481416999993598,176,48,True,True,0,14,14,0,True,0.014530321000165713,0.18265784699997312,0.0,0.0,0.000197284000023501
study02_a1_s23_llama1b_kv3072_cap12-15_balanced_burst_adaptive_resume,llama1b,3072,12,23,balanced,burst,adaptive_resume,10,cmpl-study02_a1_s23_llama1b_kv3072_cap12-15_balanced_burst_adaptive_resume-r10-0-846a78aa,3558.600426295,3558.807014314,3558.872260219,0.20658801899980972,0.06524590500021077,0.2718339240000205,368,112,True,True,0,15,15,0,True,0.01336319799975172,0.19305382000038662,0.0,0.0,0.00017100099967137794
study02_a1_s23_llama1b_kv3072_cap12-16_balanced_stagger_adaptive,llama1b,3072,12,23,balanced,stagger,adaptive,4,cmpl-study02_a1_s23_llama1b_kv3072_cap12-16_balanced_stagger_adaptive-r4-0-a97af9b9,3567.720343885,3568.167728014,3568.2448025,0.4473841290000564,0.07707448599967393,0.5244586149997303,540,28,True,True,0,32,0,0,True,0.013843124999766587,0.4333677380000154,0.0,0.0,0.00017326600027445238
study02_a1_s23_llama1b_kv3072_cap12-17_balanced_stagger_adaptive_resume,llama1b,3072,12,23,balanced,stagger,adaptive_resume,4,cmpl-study02_a1_s23_llama1b_kv3072_cap12-17_balanced_stagger_adaptive_resume-r4-0-85881a41,3585.920488972,3586.382164316,3586.458599618,0.46167534400001387,0.0764353019999362,0.5381106459999501,539,27,True,True,0,33,33,0,True,0.014122712000244064,0.4474293270000089,0.0,0.0,0.00012330499976087594
study05_a1_s77_llama1b_kv3072_cap12-00_balanced_burst_baseline,llama1b,3072,12,77,balanced,burst,baseline,3,cmpl-study05_a1_s77_llama1b_kv3072_cap12-00_balanced_burst_baseline-r3-0-bef7a981,3865.309121202,3866.373750015,3866.505119054,1.0646288130001267,0.1313690389997646,1.1959978519998913,1072,48,True,True,0,77,0,0,True,0.013891913999941607,1.0505799860002298,0.0,0.0,0.00015691299995523877
study05_a1_s77_llama1b_kv3072_cap12-00_balanced_burst_baseline,llama1b,3072,12,77,balanced,burst,baseline,7,cmpl-study05_a1_s77_llama1b_kv3072_cap12-00_balanced_burst_baseline-r7-0-9f9678a2,3872.760907551,3873.173154704,3873.344299565,0.41224715299995296,0.17114486099990245,0.5833920139998554,176,48,True,True,0,29,0,0,True,0.01701699000022927,0.3948691319997124,0.0,0.0,0.0003610310000112804
study05_a1_s77_llama1b_kv3072_cap12-00_balanced_burst_baseline,llama1b,3072,12,77,balanced,burst,baseline,4,cmpl-study05_a1_s77_llama1b_kv3072_cap12-00_balanced_burst_baseline-r4-0-9c39a8cd,3868.522322736,3871.914367415,3872.089493237,3.3920446789998095,0.17512582200015459,3.567170500999964,531,19,True,True,0,242,0,0,True,0.01548730499962403,3.3762781780001205,0.0,0.0,0.00027919600006498513
study05_a1_s77_llama1b_kv3072_cap12-00_balanced_burst_baseline,llama1b,3072,12,77,balanced,burst,baseline,8,cmpl-study05_a1_s77_llama1b_kv3072_cap12-00_balanced_burst_baseline-r8-0-ac04e68e,3871.930082402,3873.173154704,3873.344223622,1.2430723019997458,0.17106891799994628,1.4141412199996921,256,0,False,True,0,48,0,0,True,0.15807500999972035,1.0848089510000136,0.0,0.0,0.00018834100001186016
study05_a1_s77_llama1b_kv3072_cap12-00_balanced_burst_baseline,llama1b,3072,12,77,balanced,burst,baseline,10,cmpl-study05_a1_s77_llama1b_kv3072_cap12-00_balanced_burst_baseline-r10-0-83f4fb74,3873.555395508,3873.775396552,3873.838321535,0.22000104400012788,0.06292498299990257,0.28292602700003044,256,0,False,True,0,14,0,0,True,0.036572361000253295,0.18327255799977138,0.0,0.0,0.00015612500010320218
study05_a1_s77_llama1b_kv3072_cap12-01_generation_stagger_baseline,llama1b,3072,12,77,generation,stagger,baseline,7,cmpl-study05_a1_s77_llama1b_kv3072_cap12-01_generation_stagger_baseline-r7-0-9b3f111b,3886.71292264,3887.388197666,3887.480745968,0.6752750259997811,0.09254830200006836,0.7678233279998494,673,161,True,True,0,48,0,0,True,0.014687180999771954,0.6601322689998597,0.0,0.0,0.0004555760001494491
study05_a1_s77_llama1b_kv3072_cap12-01_generation_stagger_baseline,llama1b,3072,12,77,generation,stagger,baseline,7,cmpl-study05_a1_s77_llama1b_kv3072_cap12-01_generation_stagger_baseline-r7-0-9b3f111b,3888.252753915,3894.850841524,3895.027630171,6.598087608999776,0.17678864700019403,6.7748762559999705,730,218,True,True,0,208,0,0,True,0.014782468999783305,6.582989896000072,0.0,0.0,0.000315243999921222
study05_a1_s77_llama1b_kv3072_cap12-01_generation_stagger_baseline,llama1b,3072,12,77,generation,stagger,baseline,5,cmpl-study05_a1_s77_llama1b_kv3072_cap12-01_generation_stagger_baseline-r5-0-afdc1de6,3894.043426428,3894.367309896,3894.52904007,0.32388346799962164,0.16173017400024037,0.485613641999862,811,683,True,True,0,23,0,0,True,0.014765693999834184,0.30883221300018704,0.0,0.0,0.0002855609996004205
study05_a1_s77_llama1b_kv3072_cap12-01_generation_stagger_baseline,llama1b,3072,12,77,generation,stagger,baseline,10,cmpl-study05_a1_s77_llama1b_kv3072_cap12-01_generation_stagger_baseline-r10-0-ab1fc602,3895.082910768,3895.533405037,3895.613340398,0.4504942690000462,0.0799353610000253,0.5304296300000715,133,5,True,True,0,27,0,0,True,0.014114696999968146,0.43625029299983,0.0,0.0,0.0001292790002480615
study05_a1_s77_llama1b_kv3072_cap12-01_generation_stagger_baseline,llama1b,3072,12,77,generation,stagger,baseline,8,cmpl-study05_a1_s77_llama1b_kv3072_cap12-01_generation_stagger_baseline-r8-0-8fe312b7,3885.371938709,3894.850841524,3895.027693243,9.478902814999856,0.17685171900029673,9.655754534000152,547,35,True,True,0,153,0,0,True,0.0148113000000194,9.463850491999892,0.0,0.0,0.00024102299994410714
study05_a1_s77_llama1b_kv3072_cap12-01_generation_stagger_baseline,llama1b,3072,12,77,generation,stagger,baseline,9,cmpl-study05_a1_s77_llama1b_kv3072_cap12-01_generation_stagger_baseline-r9-0-90204e55,3895.464570697,3895.533405037,3895.613428562,0.06883434000019406,0.08002352499988774,0.1488578650000818,160,32,True,True,0,5,0,0,True,0.013338273000044865,0.055239623000034044,0.0,0.0,0.00025644400011515245
study05_a1_s77_llama1b_kv3072_cap12-01_generation_stagger_baseline,llama1b,3072,12,77,generation,stagger,baseline,6,cmpl-study05_a1_s77_llama1b_kv3072_cap12-01_generation_stagger_baseline-r6-0-b810ae52,3891.107374969,3894.367309896,3894.529181772,3.259934926999904,0.16187187600007746,3.4218068029999813,586,458,True,True,0,201,0,0,True,0.016015955000057147,3.2437703599998713,0.0,0.0,0.00014861199997540098
study05_a1_s77_llama1b_kv3072_cap12-03_generation_burst_fixed,llama1b,3072,12,77,generation,burst,fixed,5,cmpl-study05_a1_s77_llama1b_kv3072_cap12-03_generation_burst_fixed-r5-0-a9b213a5,3928.494810145,3929.166155397,3929.271072905,0.67134525199981,0.10491750800019872,0.7762627600000087,843,715,True,True,0,48,0,0,True,0.014187777000188362,0.6569756730000336,0.0,0.0,0.00018180199958806043
study05_a1_s77_llama1b_kv3072_cap12-03_generation_burst_fixed,llama1b,3072,12,77,generation,burst,fixed,7,cmpl-study05_a1_s77_llama1b_kv3072_cap12-03_generation_burst_fixed-r7-0-9c64b9f1,3921.473413395,3930.041441764,3930.200278774,8.568028368999876,0.15883700999984285,8.726865378999719,664,152,True,True,0,339,0,0,True,0.013617546999739716,6.6988554790004855,1.8551554719997512,0.0,0.0003998709998995764
study05_a1_s77_llama1b_kv3072_cap12-03_generation_burst_fixed,llama1b,3072,12,77,generation,burst,fixed,6,cmpl-study05_a1_s77_llama1b_kv3072_cap12-03_generation_burst_fixed-r6-0-821a455b,3925.477436843,3929.270232291,3929.35238566,3.7927954480001063,0.08215336900002512,3.8749488170001314,624,496,True,True,0,219,0,0,True,0.013607041000341269,3.6750220649996663,0.1040431740002532,0.0,0.00012316799984546378
study05_a1_s77_llama1b_kv3072_cap12-04_generation_stagger_fixed_resume,llama1b,3072,12,77,generation,stagger,fixed_resume,7,cmpl-study05_a1_s77_llama1b_kv3072_cap12-04_generation_stagger_fixed_resume-r7-0-a8d475ca,3940.86470516,3941.531830445,3941.625152619,0.667125285000111,0.09332217399969522,0.7604474589998063,674,162,True,True,0,48,48,1,True,0.013853315999767801,0.6531356190002953,0.0,0.0,0.00013635000004796893
study05_a1_s77_llama1b_kv3072_cap12-04_generation_stagger_fixed_resume,llama1b,3072,12,77,generation,stagger,fixed_resume,7,cmpl-study05_a1_s77_llama1b_kv3072_cap12-04_generation_stagger_fixed_resume-r7-0-a8d475ca,3942.409526488,3948.527109282,3948.620122774,6.117582793999645,0.09301349199995457,6.2105962859996,732,220,True,True,0,208,208,1,True,0.015879650999977457,6.101547433999713,0.0,0.0,0.00015570899995509535
study05_a1_s77_llama1b_kv3072_cap12-04_generation_stagger_fixed_resume,llama1b,3072,12,77,generation,stagger,fixed_resume,5,cmpl-study05_a1_s77_llama1b_kv3072_cap12-04_generation_stagger_fixed_resume-r5-0-bfaf55d9,3947.732756109,3948.04767265,3948.206760205,0.3149165410000023,0.1590875550000419,0.47400409600004423,813,685,True,True,0,23,23,0,True,0.014333623999846168,0.30039229400017575,0.0,0.0,0.00019062299998040544
study05_a1_s77_llama1b_kv3072_cap12-04_generation_stagger_fixed_resume,llama1b,3072,12,77,generation,stagger,fixed_resume,6,cmpl-study05_a1_s77_llama1b_kv3072_cap12-04_generation_stagger_fixed_resume-r6-0-870599b0,3944.946918892,3948.04767265,3948.206667814,3.1007537579998825,0.1589951639998617,3.259748921999744,587,459,True,True,0,201,201,1,True,0.013978466999560624,3.086677695000162,0.0,0.0,9.759600015968317e-05
study05_a1_s77_llama1b_kv3072_cap12-06_balanced_burst_adaptive,llama1b,3072,12,77,balanced,burst,adaptive,3,cmpl-study05_a1_s77_llama1b_kv3072_cap12-06_balanced_burst_adaptive-r3-0-91ecc795,3973.332107335,3974.390398089,3974.525621491,1.0582907540001543,0.1352234020000651,1.1935141560002194,1072,48,True,True,0,76,0,0,True,0.014301344000159588,1.0438273029999436,0.0,0.0,0.00016210700005103718
study05_a1_s77_llama1b_kv3072_cap12-06_balanced_burst_adaptive,llama1b,3072,12,77,balanced,burst,adaptive,7,cmpl-study05_a1_s77_llama1b_kv3072_cap12-06_balanced_burst_adaptive-r7-0-993e3e72,3980.967524474,3981.19409393,3981.261553901,0.22656945599965184,0.06745997100006207,0.2940294269997139,189,61,True,True,0,16,0,0,True,0.016002812999886373,0.21034215600002426,0.0,0.0,0.00022448699974120245
study05_a1_s77_llama1b_kv3072_cap12-07_generation_burst_fixed_resume,llama1b,3072,12,77,generation,burst,fixed_resume,7,cmpl-study05_a1_s77_llama1b_kv3072_cap12-07_generation_burst_fixed_resume-r7-0-bbc412cb,3991.188855287,3991.828362797,3991.920587261,0.6395075099999303,0.09222446400008266,0.731731974000013,664,152,True,True,0,45,45,1,True,0.01543235500002993,0.6239364029997887,0.0,0.0,0.00013875200011170818
study05_a1_s77_llama1b_kv3072_cap12-07_generation_burst_fixed_resume,llama1b,3072,12,77,generation,burst,fixed_resume,7,cmpl-study05_a1_s77_llama1b_kv3072_cap12-07_generation_burst_fixed_resume-r7-0-bbc412cb,3992.77911158,3999.374854725,3999.468320755,6.595743145000142,0.09346602999994502,6.689209175000087,726,214,True,True,0,183,183,1,True,0.010307388000001083,6.5852970840001035,0.0,0.0,0.00013867300003767014
study05_a1_s77_llama1b_kv3072_cap12-07_generation_burst_fixed_resume,llama1b,3072,12,77,generation,burst,fixed_resume,5,cmpl-study05_a1_s77_llama1b_kv3072_cap12-07_generation_burst_fixed_resume-r5-0-9de1f359,3998.51559991,3999.204997663,3999.375841256,0.6893977529998665,0.17084359299997232,0.8602413459998388,843,715,True,True,0,48,48,0,True,0.01432943499958128,0.6748670179999863,0.0,0.0,0.0002013000002989429
study05_a1_s77_llama1b_kv3072_cap12-07_generation_burst_fixed_resume,llama1b,3072,12,77,generation,burst,fixed_resume,6,cmpl-study05_a1_s77_llama1b_kv3072_cap12-07_generation_burst_fixed_resume-r6-0-9f811a5a,3995.362300906,3999.204997663,3999.375663466,3.842696756999885,0.1706658029997925,4.013362559999678,624,496,True,True,0,217,217,1,True,0.011440133999712998,3.8311664230000133,0.0,0.0,9.020000015880214e-05
study05_a1_s77_llama1b_kv3072_cap12-08_generation_burst_baseline,llama1b,3072,12,77,generation,burst,baseline,7,cmpl-study05_a1_s77_llama1b_kv3072_cap12-08_generation_burst_baseline-r7-0-b1e41058,4005.205584523,4005.251174496,4005.369957402,0.04558997300000556,0.11878290599997854,0.1643728789999841,560,48,True,True,0,3,0,0,True,0.013231049999831157,0.03202273699980651,0.0,0.0,0.0003361860003678885
study05_a1_s77_llama1b_kv3072_cap12-08_generation_burst_baseline,llama1b,3072,12,77,generation,burst,baseline,7,cmpl-study05_a1_s77_llama1b_kv3072_cap12-08_generation_burst_baseline-r7-0-b1e41058,4007.537719801,4008.232408702,4008.324161288,0.6946889010000632,0.09175258599998415,0.7864414870000473,710,198,True,True,0,50,0,0,True,0.0138689450000129,0.6806280749997313,0.0,0.0,0.00019188100031897193
study05_a1_s77_llama1b_kv3072_cap12-08_generation_burst_baseline,llama1b,3072,12,77,generation,burst,baseline,7,cmpl-study05_a1_s77_llama1b_kv3072_cap12-08_generation_burst_baseline-r7-0-b1e41058,4009.005925571,4015.507664393,4015.678964852,6.501738822000334,0.17130045899966717,6.673039281000001,761,249,True,True,0,194,0,0,True,0.014182368000092538,6.487368977000187,0.0,0.0,0.00018747700005405932
study05_a1_s77_llama1b_kv3072_cap12-08_generation_burst_baseline,llama1b,3072,12,77,generation,burst,baseline,5,cmpl-study05_a1_s77_llama1b_kv3072_cap12-08_generation_burst_baseline-r5-0-aa8e8a6d,4014.684984413,4015.339404517,4015.508684554,0.6544201039996551,0.16928003700013505,0.8237001409997902,843,715,True,True,0,48,0,0,True,0.01282049899964477,0.6414022640001349,0.0,0.0,0.0001973409998754505
study05_a1_s77_llama1b_kv3072_cap12-08_generation_burst_baseline,llama1b,3072,12,77,generation,burst,baseline,10,cmpl-study05_a1_s77_llama1b_kv3072_cap12-08_generation_burst_baseline-r10-0-95f0e12b,4005.526669009,4015.747377378,4015.810651092,10.220708368999567,0.06327371400038828,10.283982082999955,136,8,True,True,0,28,0,0,True,0.016090585999791074,10.20443704399986,0.0,0.0,0.0001807389999157749
study05_a1_s77_llama1b_kv3072_cap12-08_generation_burst_baseline,llama1b,3072,12,77,generation,burst,baseline,8,cmpl-study05_a1_s77_llama1b_kv3072_cap12-08_generation_burst_baseline-r8-0-9be2f858,4006.15279436,4015.507664393,4015.679170062,9.354870033000225,0.1715056689999983,9.526375702000223,565,53,True,True,0,147,0,0,True,0.015270753000095283,9.339488380000148,0.0,0.0,0.00011089999998148414
study05_a1_s77_llama1b_kv3072_cap12-08_generation_burst_baseline,llama1b,3072,12,77,generation,burst,baseline,9,cmpl-study05_a1_s77_llama1b_kv3072_cap12-08_generation_burst_baseline-r9-0-b3077ea1,4005.828577511,4015.507664393,4015.679223649,9.67908688200032,0.1715592559999095,9.85064613800023,157,29,True,True,0,22,0,0,True,0.019226140000228042,9.65978826699984,0.0,0.0,7.247500025187037e-05
study05_a1_s77_llama1b_kv3072_cap12-08_generation_burst_baseline,llama1b,3072,12,77,generation,burst,baseline,6,cmpl-study05_a1_s77_llama1b_kv3072_cap12-08_generation_burst_baseline-r6-0-b980edd5,4011.68246009,4015.339404517,4015.508626004,3.656944426999871,0.16922148699995887,3.82616591399983,624,496,True,True,0,217,0,0,True,0.013816753999890352,3.6430426120000448,0.0,0.0,8.506099993610405e-05
study05_a1_s77_llama1b_kv3072_cap12-09_balanced_stagger_baseline,llama1b,3072,12,77,balanced,stagger,baseline,3,cmpl-study05_a1_s77_llama1b_kv3072_cap12-09_balanced_stagger_baseline-r3-0-a4a7b906,4021.016268407,4021.928396668,4022.063144943,0.9121282609999071,0.13474827500022002,1.046876536000127,1056,32,True,True,0,66,0,0,True,0.014642693000041618,0.8973829219999061,0.0,0.0,0.00010264599995934987
study05_a1_s77_llama1b_kv3072_cap12-09_balanced_stagger_baseline,llama1b,3072,12,77,balanced,stagger,baseline,4,cmpl-study05_a1_s77_llama1b_kv3072_cap12-09_balanced_stagger_baseline-r4-0-87cf5156,4024.242243054,4027.801472127,4027.956435239,3.559229073000097,0.1549631119996775,3.7141921849997743,556,44,True,True,0,256,0,0,True,0.014934037999864813,3.544047080999917,0.0,0.0,0.000247954000315076
study05_a1_s77_llama1b_kv3072_cap12-09_balanced_stagger_baseline,llama1b,3072,12,77,balanced,stagger,baseline,7,cmpl-study05_a1_s77_llama1b_kv3072_cap12-09_balanced_stagger_baseline-r7-0-89b4cdad,4028.614121145,4028.890738394,4029.054398906,0.27661724900008267,0.16366051200020593,0.4402777610002886,176,48,True,True,0,20,0,0,True,0.013315853000221978,0.2630752959998972,0.0,0.0,0.0002260999999634805
study05_a1_s77_llama1b_kv3072_cap12-09_balanced_stagger_baseline,llama1b,3072,12,77,balanced,stagger,baseline,5,cmpl-study05_a1_s77_llama1b_kv3072_cap12-09_balanced_stagger_baseline-r5-0-bdffb5c3,4023.575136937,4027.801472127,4027.956384975,4.2263351900001,0.15491284800009453,4.381248038000194,128,0,False,True,0,44,0,0,True,0.06959675699999934,4.156583511000008,0.0,0.0,0.00015492200009248336
study05_a1_s77_llama1b_kv3072_cap12-10_generation_burst_adaptive_resume,llama1b,3072,12,77,generation,burst,adaptive_resume,7,cmpl-study05_a1_s77_llama1b_kv3072_cap12-10_generation_burst_adaptive_resume-r7-0-83c4b1d9,4036.457499084,4036.501372767,4036.582120909,0.0438736829996742,0.080748142000175,0.1246218249998492,560,48,True,True,0,3,3,0,True,0.013490268999703403,0.030235016999995423,0.0,0.0,0.00014839699997537537
study05_a1_s77_llama1b_kv3072_cap12-10_generation_burst_adaptive_resume,llama1b,3072,12,77,generation,burst,adaptive_resume,7,cmpl-study05_a1_s77_llama1b_kv3072_cap12-10_generation_burst_adaptive_resume-r7-0-83c4b1d9,4038.706268751,4039.417753457,4039.503353423,0.7114847059997373,0.08559996600024533,0.7970846719999827,710,198,True,True,0,50,50,1,True,0.0135692310000195,0.6977741040000183,0.0,0.0,0.0001413709996995749
study05_a1_s77_llama1b_kv3072_cap12-10_generation_burst_adaptive_resume,llama1b,3072,12,77,generation,burst,adaptive_resume,7,cmpl-study05_a1_s77_llama1b_kv3072_cap12-10_generation_burst_adaptive_resume-r7-0-83c4b1d9,4040.202827742,4046.908468835,4047.007048049,6.70564109299994,0.09857921399998304,6.804220306999923,761,249,True,True,0,194,194,1,True,0.014458201000252302,6.6910202330000175,0.0,0.0,0.00016265899967038422
study05_a1_s77_llama1b_kv3072_cap12-10_generation_burst_adaptive_resume,llama1b,3072,12,77,generation,burst,adaptive_resume,5,cmpl-study05_a1_s77_llama1b_kv3072_cap12-10_generation_burst_adaptive_resume-r5-0-b11f15aa,4046.052714504,4046.741519049,4046.909279275,0.6888045450000391,0.1677602259997002,0.8565647709997393,843,715,True,True,0,48,48,1,True,0.01607460400009586,0.6725407159997303,0.0,0.0,0.00018922500021290034
study05_a1_s77_llama1b_kv3072_cap12-10_generation_burst_adaptive_resume,llama1b,3072,12,77,generation,burst,adaptive_resume,6,cmpl-study05_a1_s77_llama1b_kv3072_cap12-10_generation_burst_adaptive_resume-r6-0-907daddd,4042.960619496,4046.741519049,4046.909138161,3.7808995529999265,0.16761911200001123,3.9485186649999378,624,496,True,True,0,217,217,1,True,0.01357747499969264,3.767227942000318,0.0,0.0,9.413599991603405e-05
study05_a1_s77_llama1b_kv3072_cap12-11_balanced_stagger_adaptive,llama1b,3072,12,77,balanced,stagger,adaptive,3,cmpl-study05_a1_s77_llama1b_kv3072_cap12-11_balanced_stagger_adaptive-r3-0-b92c95a9,4053.102813479,4054.008267744,4054.138295313,0.9054542650001167,0.13002756900004897,1.0354818340001657,1057,33,True,True,0,65,0,0,True,0.011955068000133906,0.893262722000145,0.0,0.0,0.00023647499983781017
study05_a1_s77_llama1b_kv3072_cap12-11_balanced_stagger_adaptive,llama1b,3072,12,77,balanced,stagger,adaptive,7,cmpl-study05_a1_s77_llama1b_kv3072_cap12-11_balanced_stagger_adaptive-r7-0-bbeaeab5,4060.776592251,4061.008752108,4061.071037818,0.23215985700016972,0.06228571000019656,0.2944455670003663,179,51,True,True,0,16,0,0,True,0.013845498000137013,0.21812191900016842,0.0,0.0,0.00019243999986429117
study05_a1_s77_llama1b_kv3072_cap12-13_generation_stagger_adaptive_resume,llama1b,3072,12,77,generation,stagger,adaptive_resume,7,cmpl-study05_a1_s77_llama1b_kv3072_cap12-13_generation_stagger_adaptive_resume-r7-0-b3d52a7e,4093.91179905,4094.636402076,4094.721124931,0.7246030260002954,0.08472285499965437,0.8093258809999497,680,168,True,True,0,48,48,1,True,0.01918703399996957,0.7052437180000197,0.0,0.0,0.00017227400030606077
study05_a1_s77_llama1b_kv3072_cap12-13_generation_stagger_adaptive_resume,llama1b,3072,12,77,generation,stagger,adaptive_resume,7,cmpl-study05_a1_s77_llama1b_kv3072_cap12-13_generation_stagger_adaptive_resume-r7-0-b3d52a7e,4095.544728908,4102.767744232,4102.933091407,7.223015324000244,0.16534717499962426,7.388362498999868,736,224,True,True,0,207,207,1,True,0.01760902400019404,7.204959244999827,0.0,0.0,0.0004470550002224627
study05_a1_s77_llama1b_kv3072_cap12-13_generation_stagger_adaptive_resume,llama1b,3072,12,77,generation,stagger,adaptive_resume,5,cmpl-study05_a1_s77_llama1b_kv3072_cap12-13_generation_stagger_adaptive_resume-r5-0-a0af9f9a,4101.858006621,4102.26756594,4102.431855203,0.4095593190004365,0.1642892629997732,0.5738485820002097,815,687,True,True,0,25,25,1,True,0.015305736000300385,0.39393324499997107,0.0,0.0,0.00032033800016506575
study05_a1_s77_llama1b_kv3072_cap12-13_generation_stagger_adaptive_resume,llama1b,3072,12,77,generation,stagger,adaptive_resume,8,cmpl-study05_a1_s77_llama1b_kv3072_cap12-13_generation_stagger_adaptive_resume-r8-0-9b8ec8d7,4092.488864082,4102.767744232,4102.933201225,10.278880150000077,0.16545699299967964,10.444337142999757,558,46,True,True,0,152,152,1,True,0.013205725000261737,10.265458037999451,0.0,0.0,0.00021638700036419323
study05_a1_s77_llama1b_kv3072_cap12-13_generation_stagger_adaptive_resume,llama1b,3072,12,77,generation,stagger,adaptive_resume,6,cmpl-study05_a1_s77_llama1b_kv3072_cap12-13_generation_stagger_adaptive_resume-r6-0-ae63b6e7,4098.660736998,4102.26756594,4102.431955967,3.606828941999993,0.16439002700008132,3.771218969000074,592,464,True,True,0,202,202,1,True,0.017766545000085898,3.5889149549993817,0.0,0.0,0.00014744200052518863
study05_a1_s77_llama1b_kv3072_cap12-14_balanced_burst_adaptive_resume,llama1b,3072,12,77,balanced,burst,adaptive_resume,3,cmpl-study05_a1_s77_llama1b_kv3072_cap12-14_balanced_burst_adaptive_resume-r3-0-90590475,4109.333792421,4110.601255923,4110.736124396,1.2674635020002825,0.13486847300009686,1.4023319750003793,1072,48,True,True,0,76,76,0,True,0.013428942000246025,1.2537891189995207,0.0,0.0,0.0002454410005157115
study05_a1_s77_llama1b_kv3072_cap12-14_balanced_burst_adaptive_resume,llama1b,3072,12,77,balanced,burst,adaptive_resume,7,cmpl-study05_a1_s77_llama1b_kv3072_cap12-14_balanced_burst_adaptive_resume-r7-0-b43e2b67,4118.199038228,4118.463170866,4118.537682026,0.26413263799986453,0.07451115999992908,0.3386437979997936,189,61,True,True,0,16,16,0,True,0.0194824680002057,0.24432705499930307,0.0,0.0,0.0003231150003557559
study05_a1_s77_llama1b_kv3072_cap12-16_generation_burst_adaptive,llama1b,3072,12,77,generation,burst,adaptive,5,cmpl-study05_a1_s77_llama1b_kv3072_cap12-16_generation_burst_adaptive-r5-0-95a3d0e8,4154.73589165,4155.43861449,4155.544067726,0.7027228400002059,0.10545323600035772,0.8081760760005636,843,715,True,True,0,48,0,0,True,0.015164498000558524,0.6874043089992483,0.0,0.0,0.00015403300039906753
study05_a1_s77_llama1b_kv3072_cap12-16_generation_burst_adaptive,llama1b,3072,12,77,generation,burst,adaptive,7,cmpl-study05_a1_s77_llama1b_kv3072_cap12-16_generation_burst_adaptive-r7-0-a64560d0,4144.924522328,4144.966760545,4145.04583618,0.04223821699997643,0.07907563499975367,0.1213138519997301,560,48,True,True,0,3,0,0,True,0.014157675999740604,0.027918762999433966,0.0,0.0,0.0001617780008018599
study05_a1_s77_llama1b_kv3072_cap12-16_generation_burst_adaptive,llama1b,3072,12,77,generation,burst,adaptive,7,cmpl-study05_a1_s77_llama1b_kv3072_cap12-16_generation_burst_adaptive-r7-0-a64560d0,4147.110901497,4156.336579541,4156.503522713,9.225678044000233,0.16694317200017394,9.392621216000407,710,198,True,True,0,344,0,0,True,0.016613580000012007,7.397492860000966,1.81112782999935,0.0,0.00044377399990480626
study05_a1_s77_llama1b_kv3072_cap12-16_generation_burst_adaptive,llama1b,3072,12,77,generation,burst,adaptive,6,cmpl-study05_a1_s77_llama1b_kv3072_cap12-16_generation_burst_adaptive-r6-0-aef15c5d,4151.524276247,4155.543426911,4155.628696986,4.019150664000335,0.08527007500015316,4.1044207390004885,624,496,True,True,0,219,0,0,True,0.014994158999797946,3.8992812660007985,0.10466764200009493,0.0,0.0002075969996440108
study05_a1_s77_llama1b_kv3072_cap12-17_balanced_stagger_adaptive_resume,llama1b,3072,12,77,balanced,stagger,adaptive_resume,3,cmpl-study05_a1_s77_llama1b_kv3072_cap12-17_balanced_stagger_adaptive_resume-r3-0-8a0f5fca,4162.007314852,4162.953697642,4163.08796117,0.9463827900008255,0.13426352799979213,1.0806463180006176,1059,35,True,True,0,65,65,0,True,0.014387376000740915,0.9317494729993996,0.0,0.0,0.00024594100068497937
study05_a1_s77_llama1b_kv3072_cap12-17_balanced_stagger_adaptive_resume,llama1b,3072,12,77,balanced,stagger,adaptive_resume,7,cmpl-study05_a1_s77_llama1b_kv3072_cap12-17_balanced_stagger_adaptive_resume-r7-0-8d7d054d,4170.420275707,4170.668291483,4170.73441616,0.24801577600010205,0.06612467700051639,0.31414045300061844,179,51,True,True,0,16,16,0,True,0.013387726000473776,0.2341807359998711,0.0,0.0,0.0004473139997571707
study05_a1_s77_llama1b_kv3072_cap12-18_generation_stagger_fixed,llama1b,3072,12,77,generation,stagger,fixed,5,cmpl-study05_a1_s77_llama1b_kv3072_cap12-18_generation_stagger_fixed-r5-0-b222407a,4191.742846817,4192.159009637,4192.264089225,0.4161628199999541,0.10507958800008055,0.5212424080000346,816,688,True,True,0,30,0,0,True,0.0130359969998608,0.40295698800036917,0.0,0.0,0.00016983499972411664
study05_a1_s77_llama1b_kv3072_cap12-18_generation_stagger_fixed,llama1b,3072,12,77,generation,stagger,fixed,7,cmpl-study05_a1_s77_llama1b_kv3072_cap12-18_generation_stagger_fixed-r7-0-a90c60a4,4184.597112834,4192.523502411,4192.663242818,7.926389577000009,0.13974040700031765,8.066129984000327,680,168,True,True,0,288,0,0,True,0.015061222000440466,6.903881000999718,1.0072764189999361,0.0,0.00017093499991460703
study05_a1_s77_llama1b_kv3072_cap12-18_generation_stagger_fixed,llama1b,3072,12,77,generation,stagger,fixed,6,cmpl-study05_a1_s77_llama1b_kv3072_cap12-18_generation_stagger_fixed-r6-0-94477357,4188.68112264,4192.523502411,4192.663434582,3.8423797710001963,0.1399321710005097,3.982311942000706,592,464,True,True,0,224,0,0,True,0.016789598000286787,3.4610470200004784,0.3641989519992421,0.0,0.0003442010001890594
study05_a1_s77_llama1b_kv3072_cap12-19_generation_stagger_adaptive,llama1b,3072,12,77,generation,stagger,adaptive,5,cmpl-study05_a1_s77_llama1b_kv3072_cap12-19_generation_stagger_adaptive-r5-0-a0144965,4212.106071974,4212.434146582,4212.540050913,0.3280746079999517,0.10590433100060181,0.4339789390005535,816,688,True,True,0,24,0,0,True,0.014781019000110973,0.3131424760003938,0.0,0.0,0.0001511129994469229
study05_a1_s77_llama1b_kv3072_cap12-19_generation_stagger_adaptive,llama1b,3072,12,77,generation,stagger,adaptive,7,cmpl-study05_a1_s77_llama1b_kv3072_cap12-19_generation_stagger_adaptive-r7-0-b1c09042,4204.887937046,4212.838852839,4212.981432147,7.9509157929996945,0.14257930800067697,8.093495101000372,679,167,True,True,0,289,0,0,True,0.017079029999877093,6.832141056999717,1.1015827030005312,0.0,0.00011300299956928939
study05_a1_s77_llama1b_kv3072_cap12-19_generation_stagger_adaptive,llama1b,3072,12,77,generation,stagger,adaptive,8,cmpl-study05_a1_s77_llama1b_kv3072_cap12-19_generation_stagger_adaptive-r8-0-a6df5ca0,4203.421788659,4213.729292145,4213.832315156,10.307503485999405,0.10302301100000477,10.41052649699941,553,41,True,True,0,151,0,0,True,0.012489411999922595,9.40451537899935,0.8903170090006824,0.0,0.00018168599945056485
study05_a1_s77_llama1b_kv3072_cap12-19_generation_stagger_adaptive,llama1b,3072,12,77,generation,stagger,adaptive,6,cmpl-study05_a1_s77_llama1b_kv3072_cap12-19_generation_stagger_adaptive-r6-0-b9995dd5,4209.236404023,4212.838852839,4212.981358453,3.602448815999196,0.1425056140005836,3.7449544299997797,592,464,True,True,0,226,0,0,True,0.014129673999377701,3.1835624539999117,0.40455497600032686,0.0,0.00020171199957985664
study06_a1_s77_qwen1.5b_kv3072_cap6-00_generation_stagger_fixed_resume,qwen1.5b,3072,6,77,generation,stagger,fixed_resume,7,cmpl-study06_a1_s77_qwen1.5b_kv3072_cap6-00_generation_stagger_fixed_resume-r7-0-bb0b412b,4250.275420947,4251.219478999,4251.342457994,0.944058051999491,0.12297899500026688,1.0670370469997579,684,172,True,True,0,50,50,1,True,0.020889230999273423,0.9229839850004282,0.0,0.0,0.00018483599978935672
study06_a1_s77_qwen1.5b_kv3072_cap6-00_generation_stagger_fixed_resume,qwen1.5b,3072,6,77,generation,stagger,fixed_resume,7,cmpl-study06_a1_s77_qwen1.5b_kv3072_cap6-00_generation_stagger_fixed_resume-r7-0-bb0b412b,4252.392247697,4260.356578253,4260.484421679,7.964330556000277,0.12784342599934462,8.092173981999622,741,229,True,True,0,201,201,1,True,0.020204194000143616,7.943957441999373,0.0,0.0,0.00016892000076040858
study06_a1_s77_qwen1.5b_kv3072_cap6-00_generation_stagger_fixed_resume,qwen1.5b,3072,6,77,generation,stagger,fixed_resume,5,cmpl-study06_a1_s77_qwen1.5b_kv3072_cap6-00_generation_stagger_fixed_resume-r5-0-9a713b92,4259.278139553,4259.824385746,4260.050026386,0.5462461930001155,0.22564064000016515,0.7718868330002806,817,689,True,True,0,32,32,0,True,0.017597273999854224,0.5283711219999532,0.0,0.0,0.00027779700030805543
study06_a1_s77_qwen1.5b_kv3072_cap6-00_generation_stagger_fixed_resume,qwen1.5b,3072,6,77,generation,stagger,fixed_resume,6,cmpl-study06_a1_s77_qwen1.5b_kv3072_cap6-00_generation_stagger_fixed_resume-r6-0-a4c85622,4255.776354907,4259.824385746,4260.049938824,4.048030839000603,0.22555307799939328,4.273583916999996,594,466,True,True,0,204,204,1,True,0.017931017000591964,4.0299719610002285,0.0,0.0,0.0001278609997825697
study06_a1_s77_qwen1.5b_kv3072_cap6-01_generation_burst_baseline,qwen1.5b,3072,6,77,generation,burst,baseline,7,cmpl-study06_a1_s77_qwen1.5b_kv3072_cap6-01_generation_burst_baseline-r7-0-a49f7223,4270.910598511,4271.478347033,4271.604896948,0.5677485220003291,0.12654991499948665,0.6942984369998157,673,161,True,True,0,33,0,0,True,0.018456648000210407,0.5491327459994864,0.0,0.0,0.0001591280006323359
study06_a1_s77_qwen1.5b_kv3072_cap6-01_generation_burst_baseline,qwen1.5b,3072,6,77,generation,burst,baseline,7,cmpl-study06_a1_s77_qwen1.5b_kv3072_cap6-01_generation_burst_baseline-r7-0-a49f7223,4272.91641018,4280.4601213,4280.888475099,7.543711119999898,0.42835379900043336,7.972064919000331,749,237,True,True,0,182,0,0,True,0.01761633200021606,7.525703844999953,0.0,0.0,0.0003909429997293046
study06_a1_s77_qwen1.5b_kv3072_cap6-01_generation_burst_baseline,qwen1.5b,3072,6,77,generation,burst,baseline,5,cmpl-study06_a1_s77_qwen1.5b_kv3072_cap6-01_generation_burst_baseline-r5-0-85626d25,4279.610646283,4280.442894091,4280.675517289,0.83224780799992,0.23262319799960096,1.064871005999521,845,717,True,True,0,48,0,0,True,0.01727563199983706,0.8147697879994666,0.0,0.0,0.0002023880006163381
study06_a1_s77_qwen1.5b_kv3072_cap6-01_generation_burst_baseline,qwen1.5b,3072,6,77,generation,burst,baseline,10,cmpl-study06_a1_s77_qwen1.5b_kv3072_cap6-01_generation_burst_baseline-r10-0-b9494a75,4281.151965244,4281.184190155,4281.266222384,0.032224910999502754,0.08203222900010587,0.11425713999960863,144,16,True,True,0,2,0,0,True,0.014911286999449658,0.017103636000683764,0.0,0.0,0.0002099879993693321
study06_a1_s77_qwen1.5b_kv3072_cap6-01_generation_burst_baseline,qwen1.5b,3072,6,77,generation,burst,baseline,6,cmpl-study06_a1_s77_qwen1.5b_kv3072_cap6-01_generation_burst_baseline-r6-0-8e588d85,4276.096763944,4280.442894091,4280.675592003,4.346130147000622,0.23269791199982137,4.578828059000443,581,453,True,True,0,205,0,0,True,0.014799540000240086,4.331238714000392,0.0,0.0,9.18929999897955e-05
study06_a1_s77_qwen1.5b_kv3072_cap6-02_generation_stagger_adaptive_resume,qwen1.5b,3072,6,77,generation,stagger,adaptive_resume,7,cmpl-study06_a1_s77_qwen1.5b_kv3072_cap6-02_generation_stagger_adaptive_resume-r7-0-b7779c1a,4294.51913569,4295.39804663,4295.523941339,0.8789109399995141,0.12589470900002198,1.004805648999536,691,179,True,True,0,48,48,1,True,0.0184221699992122,0.8602892760000032,0.0,0.0,0.00019949400029872777
study06_a1_s77_qwen1.5b_kv3072_cap6-02_generation_stagger_adaptive_resume,qwen1.5b,3072,6,77,generation,stagger,adaptive_resume,7,cmpl-study06_a1_s77_qwen1.5b_kv3072_cap6-02_generation_stagger_adaptive_resume-r7-0-b7779c1a,4296.554975903,4304.565735539,4304.682830154,8.01075963600033,0.11709461499958707,8.127854250999917,747,235,True,True,0,202,202,1,True,0.01687263100029668,7.99374335199991,0.0,0.0,0.00014365300012286752
study06_a1_s77_qwen1.5b_kv3072_cap6-02_generation_stagger_adaptive_resume,qwen1.5b,3072,6,77,generation,stagger,adaptive_resume,5,cmpl-study06_a1_s77_qwen1.5b_kv3072_cap6-02_generation_stagger_adaptive_resume-r5-0-9c57ac41,4303.529959555,4304.076121607,4304.308406466,0.5461620519999997,0.23228485900017404,0.7784469110001737,824,696,True,True,0,32,32,0,True,0.0188830870001766,0.5270362100000057,0.0,0.0,0.00024275499981740722
study06_a1_s77_qwen1.5b_kv3072_cap6-02_generation_stagger_adaptive_resume,qwen1.5b,3072,6,77,generation,stagger,adaptive_resume,6,cmpl-study06_a1_s77_qwen1.5b_kv3072_cap6-02_generation_stagger_adaptive_resume-r6-0-993d2325,4299.878673573,4304.076121607,4304.308468381,4.197448033999535,0.23234677400068904,4.429794808000224,601,473,True,True,0,207,207,1,True,0.021373200999732944,4.175924980000673,0.0,0.0,0.00014985299912950723
study06_a1_s77_qwen1.5b_kv3072_cap6-03_generation_stagger_adaptive,qwen1.5b,3072,6,77,generation,stagger,adaptive,5,cmpl-study06_a1_s77_qwen1.5b_kv3072_cap6-03_generation_stagger_adaptive-r5-0-a09cea6f,4325.899781081,4326.44516626,4326.58758205,0.545385179000732,0.14241578999917692,0.687800968999909,816,688,True,True,0,32,0,0,True,0.016186435000236088,0.5290347179998207,0.0,0.0,0.00016402600067522144
study06_a1_s77_qwen1.5b_kv3072_cap6-03_generation_stagger_adaptive,qwen1.5b,3072,6,77,generation,stagger,adaptive,7,cmpl-study06_a1_s77_qwen1.5b_kv3072_cap6-03_generation_stagger_adaptive-r7-0-903170c2,4317.405898233,4326.91076518,4327.108236743,9.504866947000664,0.19747156299945345,9.702338510000118,683,171,True,True,0,288,0,0,True,0.017716082999868377,8.213668310000685,1.2733686289993784,0.0,0.0001139250007327064
study06_a1_s77_qwen1.5b_kv3072_cap6-03_generation_stagger_adaptive,qwen1.5b,3072,6,77,generation,stagger,adaptive,6,cmpl-study06_a1_s77_qwen1.5b_kv3072_cap6-03_generation_stagger_adaptive-r6-0-85f33fa6,4322.382597298,4326.91076518,4327.108310171,4.528167882000162,0.1975449909996314,4.725712872999793,594,466,True,True,0,224,0,0,True,0.016820947999804048,4.045693338999627,0.4654629140004545,0.0,0.0001906810002765269
study06_a1_s77_qwen1.5b_kv3072_cap6-04_generation_burst_fixed,qwen1.5b,3072,6,77,generation,burst,fixed,5,cmpl-study06_a1_s77_qwen1.5b_kv3072_cap6-04_generation_burst_fixed-r5-0-ae4154de,4346.578270257,4347.50467243,4347.65668368,0.9264021729995875,0.1520112500002142,1.0784134229998017,845,717,True,True,0,48,0,0,True,0.013478728999871237,0.9126982099996894,0.0,0.0,0.00022523400002683047
study06_a1_s77_qwen1.5b_kv3072_cap6-04_generation_burst_fixed,qwen1.5b,3072,6,77,generation,burst,fixed,7,cmpl-study06_a1_s77_qwen1.5b_kv3072_cap6-04_generation_burst_fixed-r7-0-a5e7f327,4337.168363535,4347.522025553,4347.84404575,10.35366201800025,0.32202019699980156,10.675682215000052,673,161,True,True,0,290,0,0,True,0.01745396000023902,8.609365207000337,1.7267464859996835,0.0,9.636499999032822e-05
study06_a1_s77_qwen1.5b_kv3072_cap6-04_generation_burst_fixed,qwen1.5b,3072,6,77,generation,burst,fixed,6,cmpl-study06_a1_s77_qwen1.5b_kv3072_cap6-04_generation_burst_fixed-r6-0-84fa2d16,4342.734283065,4347.522025553,4347.843875769,4.787742487999822,0.32185021599980246,5.109592703999624,581,453,True,True,0,206,0,0,True,0.02076950799983024,4.74954050299948,0.01721200000065437,0.0,0.0002204769998570555
study06_a1_s77_qwen1.5b_kv3072_cap6-05_generation_burst_adaptive,qwen1.5b,3072,6,77,generation,burst,adaptive,5,cmpl-study06_a1_s77_qwen1.5b_kv3072_cap6-05_generation_burst_adaptive-r5-0-8d1a45cf,4368.159342568,4368.981284722,4369.205075802,0.8219421539997711,0.22379107999950065,1.0457332339992718,845,717,True,True,0,49,0,0,True,0.017499894000138738,0.7983928129997366,0.005909686999984842,0.0,0.00013975999991089338
study06_a1_s77_qwen1.5b_kv3072_cap6-05_generation_burst_adaptive,qwen1.5b,3072,6,77,generation,burst,adaptive,7,cmpl-study06_a1_s77_qwen1.5b_kv3072_cap6-05_generation_burst_adaptive-r7-0-86210b8b,4358.769013627,4359.414361431,4359.53434848,0.645347803999357,0.11998704899997392,0.7653348529993309,673,161,True,True,0,33,0,0,True,0.019610106999607524,0.6255943739997747,0.0,0.0,0.00014332299997477094
study06_a1_s77_qwen1.5b_kv3072_cap6-05_generation_burst_adaptive,qwen1.5b,3072,6,77,generation,burst,adaptive,7,cmpl-study06_a1_s77_qwen1.5b_kv3072_cap6-05_generation_burst_adaptive-r7-0-86210b8b,4360.993583233,4370.030526896,4370.248952599,9.036943662999875,0.21842570300032094,9.255369366000195,749,237,True,True,0,232,0,0,True,0.02407189599944104,7.963588234000781,1.0490661259991612,0.0,0.00021740700049122097
study06_a1_s77_qwen1.5b_kv3072_cap6-05_generation_burst_adaptive,qwen1.5b,3072,6,77,generation,burst,adaptive,6,cmpl-study06_a1_s77_qwen1.5b_kv3072_cap6-05_generation_burst_adaptive-r6-0-9e800886,4364.435166446,4368.981284722,4369.205003425,4.546118276000016,0.22371870299957664,4.769836978999592,581,453,True,True,0,205,0,0,True,0.018677529000342474,4.527367434999178,0.0,0.0,7.331200049520703e-05
study06_a1_s77_qwen1.5b_kv3072_cap6-06_generation_burst_adaptive_resume,qwen1.5b,3072,6,77,generation,burst,adaptive_resume,7,cmpl-study06_a1_s77_qwen1.5b_kv3072_cap6-06_generation_burst_adaptive_resume-r7-0-ba16c2c1,4379.305732586,4379.879087518,4380.004362145,0.5733549320002567,0.12527462700018077,0.6986295590004374,673,161,True,True,0,33,33,0,True,0.016202247999899555,0.5569745450002301,0.0,0.0,0.0001781390001269756
study06_a1_s77_qwen1.5b_kv3072_cap6-06_generation_burst_adaptive_resume,qwen1.5b,3072,6,77,generation,burst,adaptive_resume,7,cmpl-study06_a1_s77_qwen1.5b_kv3072_cap6-06_generation_burst_adaptive_resume-r7-0-ba16c2c1,4381.283529539,4388.767301454,4389.082886113,7.483771915000034,0.31558465900070587,7.79935657400074,749,237,True,True,0,182,182,1,True,0.01810137700067571,7.465500379999867,0.0,0.0,0.00017015799949149368
study06_a1_s77_qwen1.5b_kv3072_cap6-06_generation_burst_adaptive_resume,qwen1.5b,3072,6,77,generation,burst,adaptive_resume,5,cmpl-study06_a1_s77_qwen1.5b_kv3072_cap6-06_generation_burst_adaptive_resume-r5-0-899564c6,4387.924802371,4388.749974539,4388.97156314,0.8251721679998809,0.22158860100080346,1.0467607690006844,845,717,True,True,0,48,48,1,True,0.018640017000507214,0.8063220639996871,0.0,0.0,0.0002100869996866095
study06_a1_s77_qwen1.5b_kv3072_cap6-06_generation_burst_adaptive_resume,qwen1.5b,3072,6,77,generation,burst,adaptive_resume,6,cmpl-study06_a1_s77_qwen1.5b_kv3072_cap6-06_generation_burst_adaptive_resume-r6-0-9ca75ce3,4384.401657778,4388.749974539,4388.971496041,4.348316760999296,0.22152150200054166,4.569838262999838,581,453,True,True,0,205,205,1,True,0.01758739999968384,4.330604226000105,0.0,0.0,0.00012513499950728146
study06_a1_s77_qwen1.5b_kv3072_cap6-07_generation_burst_fixed_resume,qwen1.5b,3072,6,77,generation,burst,fixed_resume,7,cmpl-study06_a1_s77_qwen1.5b_kv3072_cap6-07_generation_burst_fixed_resume-r7-0-87d1c563,4399.174470375,4399.75141873,4399.873213441,0.5769483550002406,0.12179471099989314,0.6987430660001337,674,162,True,True,0,33,33,1,True,0.017250201999559067,0.559418795000056,0.0,0.0,0.000279358000625507
study06_a1_s77_qwen1.5b_kv3072_cap6-07_generation_burst_fixed_resume,qwen1.5b,3072,6,77,generation,burst,fixed_resume,7,cmpl-study06_a1_s77_qwen1.5b_kv3072_cap6-07_generation_burst_fixed_resume-r7-0-87d1c563,4401.143873623,4408.838595031,4409.164080746,7.694721408000078,0.3254857149995587,8.020207122999636,749,237,True,True,0,183,183,1,True,0.01769190399954823,7.676874434000638,0.0,0.0,0.0001550699998915661
study06_a1_s77_qwen1.5b_kv3072_cap6-07_generation_burst_fixed_resume,qwen1.5b,3072,6,77,generation,burst,fixed_resume,5,cmpl-study06_a1_s77_qwen1.5b_kv3072_cap6-07_generation_burst_fixed_resume-r5-0-a7433c3e,4407.943780714,4408.822004133,4409.051436359,0.8782234189993687,0.22943222600042645,1.1076556449997952,845,717,True,True,0,48,48,0,True,0.017854376999821397,0.8601802929997575,0.0,0.0,0.00018874899978982285
study06_a1_s77_qwen1.5b_kv3072_cap6-07_generation_burst_fixed_resume,qwen1.5b,3072,6,77,generation,burst,fixed_resume,6,cmpl-study06_a1_s77_qwen1.5b_kv3072_cap6-07_generation_burst_fixed_resume-r6-0-9ade3ae5,4404.314607298,4408.822004133,4409.051502234,4.507396834999781,0.22949810099999013,4.736894935999771,582,454,True,True,0,205,205,1,True,0.01636409700040531,4.490924001000167,0.0,0.0,0.00010873699920921354
study06_a1_s77_qwen1.5b_kv3072_cap6-08_generation_stagger_fixed,qwen1.5b,3072,6,77,generation,stagger,fixed,5,cmpl-study06_a1_s77_qwen1.5b_kv3072_cap6-08_generation_stagger_fixed-r5-0-aeefbeb1,4431.358639981,4431.903621683,4432.044716699,0.5449817019998591,0.14109501599978103,0.6860767179996401,819,691,True,True,0,32,0,0,True,0.016622500000266882,0.5281909599998471,0.0,0.0,0.00016824199974507792
study06_a1_s77_qwen1.5b_kv3072_cap6-08_generation_stagger_fixed,qwen1.5b,3072,6,77,generation,stagger,fixed,7,cmpl-study06_a1_s77_qwen1.5b_kv3072_cap6-08_generation_stagger_fixed-r7-0-b416ae59,4422.718433877,4432.337202801,4432.543797695,9.618768923999596,0.20659489399986342,9.82536381799946,684,172,True,True,0,288,0,0,True,0.0169439789997341,8.281268343999727,1.3204331150000144,0.0,0.00012348600012046518
study06_a1_s77_qwen1.5b_kv3072_cap6-08_generation_stagger_fixed,qwen1.5b,3072,6,77,generation,stagger,fixed,6,cmpl-study06_a1_s77_qwen1.5b_kv3072_cap6-08_generation_stagger_fixed-r6-0-bff4800a,4427.836705527,4432.337202801,4432.543929922,4.500497273999827,0.20672712099985802,4.707224394999685,595,467,True,True,0,224,0,0,True,0.018585118000373768,4.048277179999786,0.4333828740000172,0.0,0.00025210199964931235
study06_a1_s77_qwen1.5b_kv3072_cap6-09_generation_stagger_baseline,qwen1.5b,3072,6,77,generation,stagger,baseline,7,cmpl-study06_a1_s77_qwen1.5b_kv3072_cap6-09_generation_stagger_baseline-r7-0-98f9adab,4445.887294015,4446.733023395,4446.857800608,0.845729379999284,0.12477721300001576,0.9705065929992998,683,171,True,True,0,49,0,0,True,0.016616969999631692,0.8289566719995491,0.0,0.0,0.00015573800010315608
study06_a1_s77_qwen1.5b_kv3072_cap6-09_generation_stagger_baseline,qwen1.5b,3072,6,77,generation,stagger,baseline,7,cmpl-study06_a1_s77_qwen1.5b_kv3072_cap6-09_generation_stagger_baseline-r7-0-98f9adab,4447.828868723,4455.601619307,4455.837989545,7.772750584000278,0.2363702379998358,8.009120822000114,741,229,True,True,0,201,0,0,True,0.019742276000215497,7.752764552000372,0.0,0.0,0.00024375599969062023
study06_a1_s77_qwen1.5b_kv3072_cap6-09_generation_stagger_baseline,qwen1.5b,3072,6,77,generation,stagger,baseline,5,cmpl-study06_a1_s77_qwen1.5b_kv3072_cap6-09_generation_stagger_baseline-r5-0-b2928761,4454.454375397,4455.009511268,4455.24996993,0.5551358709999477,0.24045866199958255,0.7955945329995302,817,689,True,True,0,32,0,0,True,0.017091830999561353,0.5377994230002514,0.0,0.0,0.0002446170001348946
study06_a1_s77_qwen1.5b_kv3072_cap6-09_generation_stagger_baseline,qwen1.5b,3072,6,77,generation,stagger,baseline,10,cmpl-study06_a1_s77_qwen1.5b_kv3072_cap6-09_generation_stagger_baseline-r10-0-a101cf99,4455.990885521,4456.273084978,4456.359941032,0.28219945700038807,0.08685605400023633,0.3690555110006244,138,10,True,True,0,16,0,0,True,0.017828046999966318,0.26418705800006137,0.0,0.0,0.00018435200036037713
study06_a1_s77_qwen1.5b_kv3072_cap6-09_generation_stagger_baseline,qwen1.5b,3072,6,77,generation,stagger,baseline,6,cmpl-study06_a1_s77_qwen1.5b_kv3072_cap6-09_generation_stagger_baseline-r6-0-9d862c07,4450.945643228,4455.009511268,4455.249881935,4.063868039999761,0.2403706670002066,4.304238706999968,593,465,True,True,0,204,0,0,True,0.017769581999345974,4.045984123999915,0.0,0.0,0.00011433400050009368
