model,slots,cap,seed,mix,arrival,reference,policy,throughput_ratio,ttft_ratio,completion_ratio,reference_throughput,policy_throughput,reference_stalled,policy_stalled,reference_gap,policy_gap,reference_evictions,policy_evictions,reference_replay,policy_replay,reference_excess_s,policy_excess_s,reference_wait_max,policy_wait_max,reference_watermark_wait_s,policy_watermark_wait_s
qwen1.5b,3072,6,23,generation,burst,baseline,adaptive,0.9409791833324063,0.9240740962101358,1.0288216008119917,170.43592003130738,160.3766528415669,1,0,4.558934614000009,0.967067772000064,4,2,2120,970,5.584285753000131,0,4.4711557850000645,0.8991239080000923,0,0
qwen1.5b,3072,6,23,generation,burst,baseline,fixed,0.955383783720952,3.2183006867294983,1.1118678125990467,170.43592003130738,162.83171416147204,1,0,4.558934614000009,0.12442183800021667,4,0,2120,0,5.584285753000131,0,4.4711557850000645,0,0,0
qwen1.5b,3072,6,23,generation,burst,baseline,fixed_resume,0.9504599250803288,3.3665144864096943,1.1238912731029795,170.43592003130738,161.99251178395332,1,0,4.558934614000009,0.10856130999991365,4,0,2120,0,5.584285753000131,0,4.4711557850000645,0,0,0
qwen1.5b,3072,6,23,generation,burst,baseline,adaptive_resume,0.9236461061493039,0.9500240704725414,1.0461059963826713,170.43592003130738,157.4224738848912,1,0,4.558934614000009,0.957563632000074,4,2,2120,971,5.584285753000131,0,4.4711557850000645,0.8901409189998049,0,0
qwen1.5b,3072,6,23,generation,burst,fixed,fixed_resume,0.9948461982247112,1.0460534344386614,1.010813749950929,162.83171416147204,161.99251178395332,0,0,0.12442183800021667,0.10856130999991365,0,0,0,0,0,0,0,0,0,0
qwen1.5b,3072,6,23,generation,burst,adaptive,adaptive_resume,0.9815797442811448,1.0280821358036474,1.0168001872793475,160.3766528415669,157.4224738848912,0,0,0.967067772000064,0.957563632000074,2,2,970,971,0,0,0.8991239080000923,0.8901409189998049,0,0
qwen1.5b,3072,6,23,generation,stagger,baseline,fixed_resume,0.92090943259625,27.09605729563215,1.0753688307393199,159.89099565397498,147.24512608495158,2,0,4.23106703700023,0.16964592800013634,3,0,1299,0,5.077353389000109,0,4.075874420999753,0,0,0
qwen1.5b,3072,6,23,generation,stagger,baseline,adaptive_resume,1.0001704089821055,0.9867003503057278,0.9977659784889641,159.89099565397498,159.9182425157922,2,2,4.23106703700023,4.208487223999782,3,3,1299,1291,5.077353389000109,5.051089626999783,4.075874420999753,4.056559550000202,0,0
qwen1.5b,3072,6,23,generation,stagger,baseline,adaptive,0.979172676865198,1.0643706635563903,1.0180955934254035,159.89099565397498,156.56089422114442,2,2,4.23106703700023,4.628860348999751,3,3,1299,1295,5.077353389000109,5.871824514999844,4.075874420999753,4.394007791000149,0,0.3065237169998909
qwen1.5b,3072,6,23,generation,stagger,baseline,fixed,0.9368383248952149,23.92897027847037,1.0423362974076302,159.89099565397498,149.792012534298,2,0,4.23106703700023,0.17541910799991456,3,0,1299,0,5.077353389000109,0,4.075874420999753,0,0,0
qwen1.5b,3072,6,23,generation,stagger,fixed,fixed_resume,0.9829971811830536,1.1323536692262643,1.0316908596715322,149.792012534298,147.24512608495158,0,0,0.17541910799991456,0.16964592800013634,0,0,0,0,0,0,0,0,0,0
qwen1.5b,3072,6,23,generation,stagger,adaptive,adaptive_resume,1.0214443607476174,0.9270270067467455,0.9800317228875924,156.56089422114442,159.9182425157922,2,2,4.628860348999751,4.208487223999782,3,3,1295,1291,5.871824514999844,5.051089626999783,4.394007791000149,4.056559550000202,0.3065237169998909,0
llama1b,3072,12,23,generation,burst,baseline,adaptive,0.8421014788926586,0.9273148708261237,1.1216619811897945,230.19397066171834,193.84668312640628,2,1,3.0374659449998944,2.7504013790003228,9,3,4510,1571,4.310955968999679,1.7504013790003228,2.9537327150001147,2.7183073539999896,0,1.395418453000275
llama1b,3072,12,23,generation,burst,baseline,fixed,0.8830153094226602,1.0321417252944145,1.174744237426455,230.19397066171834,203.26480023108797,2,0,3.0374659449998944,0.11388580000038928,9,0,4510,0,4.310955968999679,0,2.9537327150001147,0,0,0
llama1b,3072,12,23,generation,burst,baseline,adaptive_resume,0.8761000960135308,0.958453664283906,1.0859517649396113,230.19397066171834,201.67295979846733,2,1,3.0374659449998944,1.454670076000184,9,3,4510,1573,4.310955968999679,0.45467007600018405,2.9537327150001147,1.3425775420000718,0,0
llama1b,3072,12,23,generation,burst,baseline,fixed_resume,0.8651832302772744,1.0893076111205848,1.2064636947817386,230.19397066171834,199.15996312745762,2,0,3.0374659449998944,0.11083129300004657,9,0,4510,0,4.310955968999679,0,2.9537327150001147,0,0,0
llama1b,3072,12,23,generation,burst,adaptive,adaptive_resume,1.0403735392622508,1.033579525614683,0.9681631214670361,193.84668312640628,201.67295979846733,1,1,2.7504013790003228,1.454670076000184,3,3,1571,1573,1.7504013790003228,0.45467007600018405,2.7183073539999896,1.3425775420000718,1.395418453000275,0
llama1b,3072,12,23,generation,burst,fixed,fixed_resume,0.9798054700126946,1.055385694062377,1.0270011602055373,203.26480023108797,199.15996312745762,0,0,0.11388580000038928,0.11083129300004657,0,0,0,0,0,0,0,0,0,0
llama1b,3072,12,23,generation,stagger,baseline,adaptive_resume,1.0141590424038887,1.0610228750989112,0.967799362162486,194.24392719666727,196.99423519854273,2,1,2.9121417269998346,1.7431379820000075,3,2,1470,1148,2.7277464799999507,0.7431379820000075,2.8118489540001974,1.6797053320001396,0,0
llama1b,3072,12,23,generation,stagger,baseline,adaptive,1.0161009439289554,1.0386756481160686,0.962164253917571,194.24392719666727,197.37143777700092,2,2,2.9121417269998346,3.7322011669998574,3,2,1470,884,2.7277464799999507,3.503963183999531,2.8118489540001974,3.6486611619998257,0,1.0055229489998965
llama1b,3072,12,23,generation,stagger,baseline,fixed_resume,0.93157511314806,11.864135066770556,1.0425338194881044,194.24392719666727,180.95280845655884,2,0,2.9121417269998346,0.12564745300005598,3,0,1470,0,2.7277464799999507,0,2.8118489540001974,0,0,0
llama1b,3072,12,23,generation,stagger,baseline,fixed,0.9282451676642264,9.780942204606589,1.030842448914052,194.24392719666727,180.3059867684282,2,0,2.9121417269998346,0.12670920600021418,3,0,1470,0,2.7277464799999507,0,2.8118489540001974,0,0,0
llama1b,3072,12,23,generation,stagger,adaptive,adaptive_resume,0.9980888694802721,1.0215151159299591,1.0058567008927746,197.37143777700092,196.99423519854273,2,1,3.7322011669998574,1.7431379820000075,2,2,884,1148,3.503963183999531,0.7431379820000075,3.6486611619998257,1.6797053320001396,1.0055229489998965,0
llama1b,3072,12,23,generation,stagger,fixed,fixed_resume,1.0035873555821604,1.2129848861782289,1.0113415688172027,180.3059867684282,180.95280845655884,0,0,0.12670920600021418,0.12564745300005598,0,0,0,0,0,0,0,0,0,0
llama1b,3072,12,23,balanced,stagger,baseline,fixed_resume,0.9851856375520945,2.939053794278173,1.0446871464629834,159.8038188127485,157.43642712029703,0,0,0.6202855390001787,0.11300913600007334,1,0,541,0,0,0,0.5640894000002845,0,0,0
llama1b,3072,12,23,balanced,stagger,baseline,fixed,0.9734722615462515,1.9922618153232512,1.0511181222686055,159.8038188127485,155.56458490337369,0,0,0.6202855390001787,0.11482956800000466,1,0,541,0,0,0,0.5640894000002845,0,0,0
llama1b,3072,12,23,balanced,stagger,baseline,adaptive,1.0046905679986882,0.9702822896765891,0.9756965966060278,159.8038188127485,160.55338949133974,0,0,0.6202855390001787,0.509600207999938,1,1,541,540,0,0,0.5640894000002845,0.4473841290000564,0,0
llama1b,3072,12,23,balanced,stagger,baseline,adaptive_resume,1.005617525102387,0.98000231658342,0.9776726519932308,159.8038188127485,160.70152077638642,0,0,0.6202855390001787,0.5228490370000145,1,1,541,539,0,0,0.5640894000002845,0.46167534400001387,0,0
llama1b,3072,12,23,balanced,stagger,fixed,fixed_resume,1.0120325729540949,1.4752347164779152,0.9938817763014663,155.56458490337369,157.43642712029703,0,0,0.11482956800000466,0.11300913600007334,0,0,0,0,0,0,0,0,0,0
llama1b,3072,12,23,balanced,stagger,adaptive,adaptive_resume,1.0009226294475375,1.0100177309327893,1.0020252764989412,160.55338949133974,160.70152077638642,0,0,0.509600207999938,0.5228490370000145,1,1,540,539,0,0,0.4473841290000564,0.46167534400001387,0,0
llama1b,3072,12,23,balanced,burst,baseline,fixed_resume,0.8539828541382221,3.469750901850378,1.2068883324283635,222.86436235846037,190.32234425257292,1,0,1.0427697760001138,0.15235270400035006,4,0,1834,0,0.04276977600011378,0,0.8763890899999751,0,0,0
llama1b,3072,12,23,balanced,burst,baseline,fixed,0.8798254763028687,3.4215354719200555,1.1703338080615313,222.86436235846037,196.0817437629675,1,0,1.0427697760001138,0.15230402599991066,4,0,1834,0,0.04276977600011378,0,0.8763890899999751,0,0,0
llama1b,3072,12,23,balanced,burst,baseline,adaptive,0.9891967057660603,1.7833673482696335,1.0289598158314543,222.86436235846037,220.45669307764257,1,0,1.0427697760001138,0.25502817200003847,4,2,1834,544,0.04276977600011378,0,0.8763890899999751,0.20459224500018536,0,0
llama1b,3072,12,23,balanced,burst,baseline,adaptive_resume,0.9805831712885464,1.7972307668754859,1.038204553457527,222.86436235846037,218.53704320865882,1,0,1.0427697760001138,0.25772858500022267,4,2,1834,544,0.04276977600011378,0,0.8763890899999751,0.20658801899980972,0,0
llama1b,3072,12,23,balanced,burst,fixed,fixed_resume,0.9706275586912527,1.0140917521756,1.031234271893229,196.0817437629675,190.32234425257292,0,0,0.15230402599991066,0.15235270400035006,0,0,0,0,0,0,0,0,0,0
llama1b,3072,12,23,balanced,burst,adaptive,adaptive_resume,0.991292394700361,1.007773731317501,1.0089845468052634,220.45669307764257,218.53704320865882,0,0,0.25502817200003847,0.25772858500022267,2,2,544,544,0,0,0.20459224500018536,0.20658801899980972,0,0
llama1b,12288,12,23,generation,burst,baseline,adaptive,0.9679264442010294,1.0102878599921719,1.0344770997414963,376.8520482125983,364.76506301629513,0,0,0.06430361499997161,0.06495919799999683,0,0,0,0,0,0,0,0,0,0
llama1b,12288,12,23,generation,burst,baseline,adaptive_resume,1.0036121869475636,0.9604307865671705,0.9971325307304569,376.8520482125983,378.2133082623144,0,0,0.06430361499997161,0.06740315700017163,0,0,0,0,0,0,0,0,0,0
llama1b,12288,12,23,generation,burst,adaptive,adaptive_resume,1.0368682382430319,0.9506506260251532,0.9639000524802613,364.76506301629513,378.2133082623144,0,0,0.06495919799999683,0.06740315700017163,0,0,0,0,0,0,0,0,0,0
llama1b,12288,12,23,generation,stagger,baseline,adaptive,0.9815901995274439,0.9750674765342546,1.0069682924744232,217.68519819885077,213.6776571341811,0,0,0.06112337299964565,0.06453051400012555,0,0,0,0,0,0,0,0,0,0
llama1b,12288,12,23,generation,stagger,baseline,adaptive_resume,0.9959960727629602,0.9980528702861599,0.999405242709524,217.68519819885077,216.813602504682,0,0,0.06112337299964565,0.06386832599991976,0,0,0,0,0,0,0,0,0,0
llama1b,12288,12,23,generation,stagger,adaptive,adaptive_resume,1.0146760565075443,1.0235731314037915,0.9924892870794229,213.6776571341811,216.813602504682,0,0,0.06453051400012555,0.06386832599991976,0,0,0,0,0,0,0,0,0,0
llama1b,3072,12,77,balanced,burst,baseline,fixed,0.8286908845161746,1.0868626271401143,1.3043058146394473,190.97363080931834,158.25810703463938,3,0,3.550803866000024,0.11322234399995068,5,0,2291,0,2.9869342989995857,0,3.3920446789998095,0,0,0
llama1b,3072,12,77,balanced,burst,baseline,adaptive,0.9908356146047483,1.0127604928670049,1.0244375060553863,190.97363080931834,189.22347485625124,3,1,3.550803866000024,1.1780825920000098,5,2,2291,1261,2.9869342989995857,0.17808259200000975,3.3920446789998095,1.0582907540001543,0,0
llama1b,3072,12,77,balanced,burst,baseline,adaptive_resume,0.8994936721649789,1.162066216676001,1.1386519682528908,190.97363080931834,171.7795724633527,3,1,3.550803866000024,1.3880116800000906,5,2,2291,1261,2.9869342989995857,0.38801168000009056,3.3920446789998095,1.2674635020002825,0,0
llama1b,3072,12,77,balanced,burst,baseline,fixed_resume,0.8289788731506792,1.0932590290372382,1.303822526144086,190.97363080931834,158.31310526980255,3,0,3.550803866000024,0.11184369100010372,5,0,2291,0,2.9869342989995857,0,3.3920446789998095,0,0,0
llama1b,3072,12,77,balanced,burst,adaptive,adaptive_resume,0.9078132224019759,1.1474245143452715,1.1114899264448928,189.22347485625124,171.7795724633527,1,1,1.1780825920000098,1.3880116800000906,2,2,1261,1261,0.17808259200000975,0.38801168000009056,1.0582907540001543,1.2674635020002825,0,0
llama1b,3072,12,77,balanced,burst,fixed,fixed_resume,1.0003475223872804,1.0058851981266068,0.9996294668858047,158.25810703463938,158.31310526980255,0,0,0.11322234399995068,0.11184369100010372,0,0,0,0,0,0,0,0,0,0
llama1b,3072,12,77,generation,stagger,baseline,fixed_resume,1.0296820256807873,0.9939704106673123,0.9750478128405902,221.85425645624778,228.43934019377411,3,2,9.639467173999947,6.193947226999626,7,4,3640,2806,16.80286960400008,7.438906625999607,9.478902814999856,6.117582793999645,0,0
llama1b,3072,12,77,generation,stagger,baseline,adaptive_resume,0.9225826691653611,1.0559247525124977,1.0934386564969327,221.85425645624778,204.67889208710164,3,3,9.639467173999947,10.430267415999879,7,5,3640,3381,16.80286960400008,18.55165804499984,9.478902814999856,10.278880150000077,0,0
llama1b,3072,12,77,generation,stagger,baseline,fixed,0.9865439417964621,1.0526232878327482,1.0520643569580546,221.85425645624778,218.8689726686699,3,2,9.639467173999947,8.049720330000127,7,3,3640,2088,16.80286960400008,10.013838080000824,9.478902814999856,7.926389577000009,0,1.3714753709991783
llama1b,3072,12,77,generation,stagger,baseline,adaptive,0.9970941901626674,1.0351949803610012,1.0169976711329805,221.85425645624778,221.2095901753831,3,3,9.639467173999947,10.396863426999516,7,4,3640,2640,16.80286960400008,19.201571963999413,9.478902814999856,10.307503485999405,0,2.3964546880015405
llama1b,3072,12,77,generation,stagger,fixed,fixed_resume,1.0437264698070845,0.94427932780568,0.9267948356884264,218.8689726686699,228.43934019377411,2,2,8.049720330000127,6.193947226999626,3,4,2088,2806,10.013838080000824,7.438906625999607,7.926389577000009,6.117582793999645,1.3714753709991783,0
llama1b,3072,12,77,generation,stagger,adaptive,adaptive_resume,0.9252713317032263,1.0200249929189837,1.0751633829001728,221.2095901753831,204.67889208710164,3,3,10.396863426999516,10.430267415999879,4,5,2640,3381,19.201571963999413,18.55165804499984,10.307503485999405,10.278880150000077,2.3964546880015405,0
llama1b,3072,12,77,generation,burst,baseline,fixed,0.9826081098662446,1.0614031986149948,1.0369044852396758,285.12026809072165,280.1614877131809,5,2,10.266853871999956,8.712599731999944,8,3,4356,2131,35.07637453799998,10.573132923999765,10.220708368999567,8.568028368999876,0,1.9591986460000044
llama1b,3072,12,77,generation,burst,baseline,fixed_resume,0.9481318958890896,1.0818948741613597,1.0715635401095644,285.12026809072165,270.33162034126144,5,2,10.266853871999956,6.677915129000212,8,4,4356,2857,35.07637453799998,8.679060874000243,10.220708368999567,6.595743145000142,0,0
llama1b,3072,12,77,generation,burst,baseline,adaptive_resume,0.9494402383071716,1.0275133824115779,1.0741489173080865,285.12026809072165,270.7046552822594,5,2,10.266853871999956,6.7890156489997935,8,5,4356,3498,35.07637453799998,8.723073801999817,10.220708368999567,6.70564109299994,0,0
llama1b,3072,12,77,generation,burst,baseline,adaptive,0.9289764220626281,0.9919626608453775,1.0984699831453146,285.12026809072165,264.8700065084559,5,2,10.266853871999956,9.37489371799984,8,4,4356,2737,35.07637453799998,11.463034430999869,10.220708368999567,9.225678044000233,0,1.915795471999445
llama1b,3072,12,77,generation,burst,fixed,fixed_resume,0.9649135666284621,1.0193062123546492,1.0334255038561988,280.1614877131809,270.33162034126144,2,2,8.712599731999944,6.677915129000212,3,4,2131,2857,10.573132923999765,8.679060874000243,8.568028368999876,6.595743145000142,1.9591986460000044,0
llama1b,3072,12,77,generation,burst,adaptive,adaptive_resume,1.0220283483612074,1.035838769914891,0.9778591438906795,264.8700065084559,270.7046552822594,2,2,9.37489371799984,6.7890156489997935,4,5,2737,3498,11.463034430999869,8.723073801999817,9.225678044000233,6.70564109299994,1.915795471999445,0
llama1b,3072,12,77,balanced,stagger,baseline,fixed_resume,0.8261140925954271,2.1134501813468876,1.3746293978954751,186.68973029001782,154.2270171354231,3,0,4.310518462000346,0.10890706000009232,4,0,1916,0,6.040674635000414,0,4.2263351900001,0,0,0
llama1b,3072,12,77,balanced,stagger,baseline,adaptive,0.9870854736403172,1.6761935209402812,1.0591627442077984,186.68973029001782,184.27872084710532,3,1,4.310518462000346,1.022563712000192,4,2,1916,1236,6.040674635000414,0.022563712000192027,4.2263351900001,0.9054542650001167,0,0
llama1b,3072,12,77,balanced,stagger,baseline,fixed,0.8218597894231268,2.113884681865811,1.3817539632064224,186.68973029001782,153.43278242361438,3,0,4.310518462000346,0.11038086999997176,4,0,1916,0,6.040674635000414,0,4.2263351900001,0,0,0
llama1b,3072,12,77,balanced,stagger,baseline,adaptive_resume,0.9210662990477283,1.9346430432841988,1.1587660247920917,186.68973029001782,171.9536189484453,3,1,4.310518462000346,1.065433333999863,4,2,1916,1238,6.040674635000414,0.06543333399986295,4.2263351900001,0.9463827900008255,0,0
llama1b,3072,12,77,balanced,stagger,fixed,fixed_resume,1.0051764342617207,0.9997944540103578,0.9948438249495487,153.43278242361438,154.2270171354231,0,0,0.11038086999997176,0.10890706000009232,0,0,0,0,0,0,0,0,0,0
llama1b,3072,12,77,balanced,stagger,adaptive,adaptive_resume,0.9331170639669999,1.1541883554107386,1.0940396375618286,184.27872084710532,171.9536189484453,1,1,1.022563712000192,1.065433333999863,2,2,1236,1238,0.022563712000192027,0.06543333399986295,0.9054542650001167,0.9463827900008255,0,0
qwen1.5b,3072,6,77,generation,stagger,baseline,fixed_resume,0.956762762366421,0.9744551152112095,1.0430904075439607,190.17854691672792,181.9557518908806,2,2,7.988410064000163,8.071224254999834,5,4,2972,2836,10.274037303000114,10.371734130999357,7.772750584000278,7.964330556000277,0,0
qwen1.5b,3072,6,77,generation,stagger,baseline,adaptive_resume,0.9953341928779058,1.1001540051122922,1.0212814391055869,190.17854691672792,189.29121049805434,2,2,7.988410064000163,8.109968980999838,5,4,2972,2863,10.274037303000114,10.517317496000032,7.772750584000278,8.01075963600033,0,0
qwen1.5b,3072,6,77,generation,stagger,baseline,adaptive,1.000002625668191,1.0360398727535203,1.0095652520000833,190.17854691672792,190.1790462624892,2,2,7.988410064000163,9.683738491999975,5,3,2972,2093,10.274037303000114,12.391684037999767,7.772750584000278,9.504866947000664,0,1.738831542999833
qwen1.5b,3072,6,77,generation,stagger,baseline,fixed,0.9937776803979996,1.0123511326097239,1.0176986713576082,190.17854691672792,188.99519521636802,2,2,7.988410064000163,9.807185298999684,5,3,2972,2098,10.274037303000114,12.494759527999122,7.772750584000278,9.618768923999596,0,1.7538159890000315
qwen1.5b,3072,6,77,generation,stagger,fixed,fixed_resume,0.9627533212289952,0.9625663308136745,1.0249501516519424,188.99519521636802,181.9557518908806,2,2,9.807185298999684,8.071224254999834,3,4,2098,2836,12.494759527999122,10.371734130999357,9.618768923999596,7.964330556000277,1.7538159890000315,0
qwen1.5b,3072,6,77,generation,stagger,adaptive,adaptive_resume,0.995331579467438,1.061883846408704,1.0116051806282875,190.1790462624892,189.29121049805434,2,2,9.683738491999975,8.109968980999838,3,4,2093,2863,12.391684037999767,10.517317496000032,9.504866947000664,8.01075963600033,1.738831542999833,0
qwen1.5b,3072,6,77,generation,burst,baseline,fixed,0.9431820994651847,0.9952509190432952,1.0865362750764862,219.84262747064608,207.35163092970646,3,3,7.953542240999923,10.657334047000404,5,3,2992,2099,10.562938518999545,13.809180556000683,7.543711119999898,10.35366201800025,0,1.7439584860003379
qwen1.5b,3072,6,77,generation,burst,baseline,adaptive,0.9567519061858731,1.0723840704795178,1.0715011654245248,219.84262747064608,210.33485289345143,3,3,7.953542240999923,9.23049045100015,5,4,2992,2848,10.562938518999545,12.007707568999649,7.543711119999898,9.036943662999875,0,1.054975812999146
qwen1.5b,3072,6,77,generation,burst,baseline,adaptive_resume,1.0135883515989648,1.0085423957816813,1.0087693624191858,219.84262747064608,222.82992638915744,3,3,7.953542240999923,7.780364311000085,5,4,2992,2848,10.562938518999545,10.359223129001293,7.543711119999898,7.483771915000034,0,0
qwen1.5b,3072,6,77,generation,burst,baseline,fixed_resume,0.9891841830188108,0.9899136804002855,1.0207953974178374,219.84262747064608,217.4648498472598,3,3,7.953542240999923,8.00135275499997,5,4,2992,2850,10.562938518999545,10.809961406999719,7.543711119999898,7.694721408000078,0,0
qwen1.5b,3072,6,77,generation,burst,adaptive,adaptive_resume,1.0594056254767992,0.9404675279545232,0.9414542839246611,210.33485289345143,222.82992638915744,3,3,9.23049045100015,7.780364311000085,4,4,2848,2848,12.007707568999649,10.359223129001293,9.036943662999875,7.483771915000034,1.054975812999146,0
qwen1.5b,3072,6,77,generation,burst,fixed,fixed_resume,1.0487732788606896,0.9946372934293392,0.9394949996915464,207.35163092970646,217.4648498472598,3,3,10.657334047000404,8.00135275499997,3,4,2099,2850,13.809180556000683,10.809961406999719,10.35366201800025,7.694721408000078,1.7439584860003379,0
llama1b,12288,12,77,generation,stagger,baseline,adaptive_resume,1.0403151484599586,0.8259243068821759,0.9363488428963793,262.91748032894503,273.5170375811247,0,0,0.06994657199993526,0.06252363800012972,0,0,0,0,0,0,0,0,0,0
llama1b,12288,12,77,generation,stagger,baseline,adaptive,0.9805462273713229,0.824379333814527,1.0223459713189953,262.91748032894503,257.80274344652105,0,0,0.06994657199993526,0.06815557999925659,0,0,0,0,0,0,0,0,0,0
llama1b,12288,12,77,generation,stagger,adaptive,adaptive_resume,1.0609547203591472,1.0018741045587596,0.9158825575341532,257.80274344652105,273.5170375811247,0,0,0.06815557999925659,0.06252363800012972,0,0,0,0,0,0,0,0,0,0
llama1b,12288,12,77,generation,burst,baseline,adaptive_resume,1.006388210934847,0.9295228721918691,0.9935207864802847,351.41851349111323,353.6634490817048,0,0,0.0716419529999257,0.06838382600017212,0,0,0,0,0,0,0,0,0,0
llama1b,12288,12,77,generation,burst,baseline,adaptive,1.0240029900448178,0.984145268233462,0.9760403123791674,351.41851349111323,359.8536085720051,0,0,0.0716419529999257,0.07199900799969328,0,0,0,0,0,0,0,0,0,0
llama1b,12288,12,77,generation,burst,adaptive,adaptive_resume,0.9827981175043249,0.9444976287498287,1.0179095820934971,359.8536085720051,353.6634490817048,0,0,0.07199900799969328,0.06838382600017212,0,0,0,0,0,0,0,0,0,0
