trial,policy,n,start_perf_s,end_perf_s,wall_s,throughput,ttft_p50,ttft_p95,e2e_p50,e2e_p95,max_silence,silence_p95,stalled_requests,silence_excess_1s_s,max_arrival_lateness_s,model,slots,cap,seed,mix,arrival,run,folder,trace_preemptions,scheduled_tokens,rescheduled_token_positions,evicted_computed_positions,max_running,max_kv_usage,wait_sum_s,wait_max_s,watermark_decision_s,capacity_decision_s,no_attempt_decision_s,binding_waiver_admissions,repeatedly_evicted_requests,evicted_stalled_requests,wait_covered_gt1_gaps_s,total_gt1_gaps_s,allocation_attempts,mean_headroom,peak_headroom,prefill_kv_computed_metric_delta
study00_s23_qwen1.5b_kv12288_cap12-00_generation_burst_fixed,fixed,12,6944.544501233,6958.597651839,14.05315060599969,309.6814459628724,0.12545473299996956,0.21334310279989946,4.922970374499982,13.791655720700101,0.11808099500012759,0.11800961654989806,0,0,0.00016710499985489458,qwen1.5b,12288,12,23,generation,burst,study00_s23_qwen1.5b_kv12288_cap12,00_generation_burst_fixed,0,7924,0,0,12,0.37548891786179917,0,0,,,,0,0,0,0.0,0.0,0,0.3,0.3,3584.0
study00_s23_qwen1.5b_kv12288_cap12-01_generation_burst_baseline,baseline,12,6958.864294176,6973.011248353,14.146954177000225,307.6280551664878,0.1218154590001177,0.2083487171499655,4.997783732000244,13.90358290639988,0.11608088299999508,0.11605884010000408,0,0,0.0002085819996864302,qwen1.5b,12288,12,23,generation,burst,study00_s23_qwen1.5b_kv12288_cap12,01_generation_burst_baseline,0,7924,0,0,12,0.37548891786179917,0,0,,,,0,0,0,0.0,0.0,0,0.0,0.0,3584.0
study00_s23_qwen1.5b_kv12288_cap12-02_generation_burst_adaptive,adaptive,12,6973.273341333,6987.982293736,14.708952403000694,295.8742322880977,0.12247719800006962,0.22129469340047758,5.078321247000076,14.465784731349913,0.1171410509996349,0.11704286884973954,0,0,0.00034999299932675365,qwen1.5b,12288,12,23,generation,burst,study00_s23_qwen1.5b_kv12288_cap12,02_generation_burst_adaptive,0,7924,0,0,12,0.37548891786179917,0,0,,,,0,0,0,0.0,0.0,0,0.01473145780051151,0.05,3584.0
study00_s23_qwen1.5b_kv12288_cap12-03_generation_stagger_fixed,fixed,12,6988.218907041,7011.11333654,22.89442949899967,190.08990812329054,0.08335429699945962,0.11533550820022355,4.731229314499615,13.944809655949848,0.08468652200008364,0.08465639355031271,0,0,0.00012728302699249738,qwen1.5b,12288,12,23,generation,stagger,study00_s23_qwen1.5b_kv12288_cap12,03_generation_stagger_fixed,0,7924,0,0,7,0.3611473272490222,0,0,,,,0,0,0,0.0,0.0,0,0.3,0.3,3584.0
study00_s23_qwen1.5b_kv12288_cap12-04_generation_stagger_baseline,baseline,12,7011.367320315,7033.963594346,22.596274030999666,192.59812454166214,0.0776850175002437,0.11298834214940143,4.699098170999605,13.847677256749966,0.08233101999940118,0.08232785969930774,0,0,0.00022319114123964257,qwen1.5b,12288,12,23,generation,stagger,study00_s23_qwen1.5b_kv12288_cap12,04_generation_stagger_baseline,0,7924,0,0,7,0.3611473272490222,0,0,,,,0,0,0,0.0,0.0,0,0.0,0.0,3584.0
study00_s23_qwen1.5b_kv12288_cap12-05_generation_stagger_adaptive,adaptive,12,7034.193599033,7057.224913803,23.03131476999988,188.96011988290076,0.08234751149984731,0.12351039080012924,5.005989350999698,14.431344945499996,0.08660789799978375,0.08658721305018843,0,0,0.0001384380313282918,qwen1.5b,12288,12,23,generation,stagger,study00_s23_qwen1.5b_kv12288_cap12,05_generation_stagger_adaptive,0,7924,0,0,7,0.3820078226857888,0,0,,,,0,0,0,0.0,0.0,0,0.009021143304620205,0.05,3584.0
study01_s23_llama1b_kv5120_cap6-00_balanced_burst_baseline,baseline,12,7083.66066427,7094.768931656,11.10826738600008,259.26635540207724,0.5969031800000266,3.680587193300062,4.0410648914999,9.787531135550307,0.11222810599974764,0.11218099520024225,0,0,0.000174565999986942,llama1b,5120,6,23,balanced,burst,study01_s23_llama1b_kv5120_cap6,00_balanced_burst_baseline,0,8628,0,0,6,0.9498432601880877,0,0,,,,0,0,0,0.0,0.0,0,0.0,0.0,5760.0
study01_s23_llama1b_kv5120_cap6-01_balanced_stagger_baseline,baseline,12,7095.07203792,7113.037900463,17.965862543000185,160.30402064509275,0.07178784700045071,0.13859856845033391,2.809620365000228,7.264046797149694,0.10894595799982199,0.10894169659986801,0,0,0.00016137199963850435,llama1b,5120,6,23,balanced,stagger,study01_s23_llama1b_kv5120_cap6,01_balanced_stagger_baseline,0,8628,0,0,5,0.6332288401253918,0,0,,,,0,0,0,0.0,0.0,0,0.0,0.0,5760.0
study01_s23_llama1b_kv5120_cap6-02_balanced_stagger_adaptive,adaptive,12,7113.355730248,7131.152470763,17.79674051499933,161.82738617628874,0.06985275500028365,0.13003902054979335,2.7888627099996484,7.250342064100277,0.1105422050004563,0.1104777224503323,0,0,0.0001909659147067977,llama1b,5120,6,23,balanced,stagger,study01_s23_llama1b_kv5120_cap6,02_balanced_stagger_adaptive,0,8628,0,0,5,0.6332288401253918,0,0,,,,0,0,0,0.0,0.0,0,0.00903529411764706,0.05,5760.0
study01_s23_llama1b_kv5120_cap6-03_generation_burst_adaptive,adaptive,12,7131.403316714,7146.146243935,14.742927221000173,295.1923952931755,0.5161467455000093,4.782999742199989,6.739554938999845,12.540711578649823,0.06220917200062104,0.062116515700563465,0,0,0.0001179019996925268,llama1b,5120,6,23,generation,burst,study01_s23_llama1b_kv5120_cap6,03_generation_burst_adaptive,0,7924,0,0,6,0.780564263322884,0,0,,,,0,0,0,0.0,0.0,0,0.011130434782608696,0.05,3584.0
study01_s23_llama1b_kv5120_cap6-04_generation_stagger_baseline,baseline,12,7146.397754884,7166.463904442,20.06614955799978,216.88266537737363,0.06144462900010694,0.15673187739989763,3.716775410000082,10.936830852399998,0.0678981669998393,0.06775165744979858,0,0,0.0002461250345026089,llama1b,5120,6,23,generation,stagger,study01_s23_llama1b_kv5120_cap6,04_generation_stagger_baseline,0,7924,0,0,6,0.9122257053291536,0,0,,,,0,0,0,0.0,0.0,0,0.0,0.0,3584.0
study01_s23_llama1b_kv5120_cap6-05_balanced_burst_fixed,fixed,12,7166.760516732,7178.297615184,11.537098452000464,249.62948977007517,0.6423904590001257,3.8383714780500213,4.41369775899966,11.082063267000331,0.1474451180001779,0.14727625370019268,0,0,0.00018716899921855656,llama1b,5120,6,23,balanced,burst,study01_s23_llama1b_kv5120_cap6,05_balanced_burst_fixed,0,8628,0,0,6,0.768025078369906,0,0,,,,0,0,0,0.0,0.0,0,0.3,0.3,5760.0
study01_s23_llama1b_kv5120_cap6-06_balanced_burst_adaptive,adaptive,12,7178.617157567,7190.889120678,12.271963111000332,234.68127910345723,0.6429777880002803,4.090352872200083,4.443002652000359,10.920409897849913,0.10853314700034389,0.10841021760029435,0,0,0.00018807100041157154,llama1b,5120,6,23,balanced,burst,study01_s23_llama1b_kv5120_cap6,06_balanced_burst_adaptive,0,8628,0,0,6,0.9498432601880877,0,0,,,,0,0,0,0.0,0.0,0,0.014961038961038961,0.05,5760.0
study01_s23_llama1b_kv5120_cap6-07_generation_stagger_fixed,fixed,12,7191.180218886,7213.297715623,22.117496736999783,196.7672947689262,0.056410920999951486,0.9217979567998998,3.7257595575001687,11.848739145400122,0.06176998299997649,0.06148617310004738,0,0,0.00018440616898374174,llama1b,5120,6,23,generation,stagger,study01_s23_llama1b_kv5120_cap6,07_generation_stagger_fixed,0,7924,0,0,6,0.7899686520376176,0,0,,,,0,0,0,0.0,0.0,0,0.3,0.3,3584.0
study01_s23_llama1b_kv5120_cap6-08_generation_burst_fixed,fixed,12,7213.564235609,7229.002491786,15.438256176999857,281.89712297193734,0.5241904150002483,4.958261387250056,7.070460316000208,13.086643923400331,0.0657867729996724,0.0657338640994567,0,0,0.00020374599989736453,llama1b,5120,6,23,generation,burst,study01_s23_llama1b_kv5120_cap6,08_generation_burst_fixed,0,7924,0,0,6,0.780564263322884,0,0,,,,0,0,0,0.0,0.0,0,0.3,0.3,3584.0
study01_s23_llama1b_kv5120_cap6-09_generation_burst_baseline,baseline,12,7229.312434978,7244.135723688,14.82328871000027,293.59206888171855,0.5170462165001481,4.78878723790044,6.752782044500236,12.577670625500284,0.06075769500057504,0.06074825205014349,0,0,0.00018995599948538888,llama1b,5120,6,23,generation,burst,study01_s23_llama1b_kv5120_cap6,09_generation_burst_baseline,0,7924,0,0,6,0.780564263322884,0,0,,,,0,0,0,0.0,0.0,0,0.0,0.0,3584.0
study01_s23_llama1b_kv5120_cap6-10_balanced_stagger_fixed,fixed,12,7244.445783985,7262.239949998,17.794166012999995,161.85079974503668,0.07170814050004992,0.13947076659965205,2.89269205949995,7.416458258499642,0.11267160199986392,0.11263885994972042,0,0,0.00015152396436945992,llama1b,5120,6,23,balanced,stagger,study01_s23_llama1b_kv5120_cap6,10_balanced_stagger_fixed,0,8628,0,0,5,0.6300940438871474,0,0,,,,0,0,0,0.0,0.0,0,0.3,0.3,5760.0
study01_s23_llama1b_kv5120_cap6-11_generation_stagger_adaptive,adaptive,12,7262.50377552,7282.717939783,20.214164262999475,215.29457975000295,0.05733848499994565,0.16032248520054954,3.831486679500358,11.097186575449587,0.061724834000415285,0.06172457660063628,0,0,0.000230599683607835,llama1b,5120,6,23,generation,stagger,study01_s23_llama1b_kv5120_cap6,11_generation_stagger_adaptive,0,7924,0,0,6,0.9153605015673981,0,0,,,,0,0,0,0.0,0.0,0,0.008055944055944057,0.05,3584.0
study02_s23_llama1b_kv3072_cap12-00_generation_stagger_fixed,fixed,12,7309.110336017,7332.827200812,23.71686479500022,183.49811569181145,0.6006828779995885,5.068702287499764,6.931088795500273,12.371210432049926,0.11818606999986514,0.09817490685022673,0,0,0.00020133168990987826,llama1b,3072,12,23,generation,stagger,study02_s23_llama1b_kv3072_cap12,00_generation_stagger_fixed,0,7924,0,0,5,0.9057591623036649,0,0,,,,0,0,0,0.0,0.0,0,0.3,0.3,3584.0
study02_s23_llama1b_kv3072_cap12-01_balanced_burst_baseline,baseline,12,7333.117069573,7345.76023258,12.643163007000112,227.7910993005023,1.0297497169999588,4.686765509699581,5.086596308499793,11.903026009399763,1.0297064099995623,0.795784082899581,1,0.02970640999956231,0.0002363159996093267,llama1b,3072,12,23,balanced,burst,study02_s23_llama1b_kv3072_cap12,01_balanced_burst_baseline,4,10461,1833,1833,6,1.0,1.831376478000493,0.8661928820001776,,,,0,0,1,0.8516524569995454,1.0297064099995623,0,0.0,0.0,5760.0
study02_s23_llama1b_kv3072_cap12-02_generation_stagger_baseline,baseline,12,7346.003172557,7367.54484455,21.54167199299991,202.02702935102752,0.06085267750040657,1.005095662149596,4.585058791999927,11.372210335799808,2.7219537689998106,2.165589122249866,2,2.432335452999723,9.616703420978201e-05,llama1b,3072,12,23,generation,stagger,study02_s23_llama1b_kv3072_cap12,02_generation_stagger_baseline,3,9092,1168,1168,6,0.9947643979057592,4.395086140998501,2.6274613259993203,,,,0,1,2,4.215654487999018,4.432335452999723,0,0.0,0.0,3584.0
study02_s23_llama1b_kv3072_cap12-03_generation_burst_fixed,fixed,12,7367.8592879,7388.930188678,21.070900778000578,206.54076661704835,0.07453472099996361,10.413053870500153,8.82092795699964,16.875022975200224,0.10719252200033225,0.08101317869995907,0,0,0.0003331499992782483,llama1b,3072,12,23,generation,burst,study02_s23_llama1b_kv3072_cap12,03_generation_burst_fixed,0,7924,0,0,7,0.9790575916230366,0,0,,,,0,0,0,0.0,0.0,0,0.3,0.3,3584.0
study02_s23_llama1b_kv3072_cap12-04_balanced_burst_fixed,fixed,12,7389.216898453,7403.598724552,14.381826099000136,200.25273426162659,3.521538563500144,7.805871439549854,7.154258717499943,13.926725138949996,0.144804380000096,0.12547805869994588,0,0,0.00018719500003498701,llama1b,3072,12,23,balanced,burst,study02_s23_llama1b_kv3072_cap12,04_balanced_burst_fixed,0,8628,0,0,4,0.7958115183246073,0,0,,,,0,0,0,0.0,0.0,0,0.3,0.3,5760.0
study02_s23_llama1b_kv3072_cap12-05_generation_stagger_adaptive,adaptive,12,7403.852999846,7425.337419595,21.484419749000153,202.56539626593985,0.060552836500392004,1.1119943704502466,4.525551514500421,11.315202954200048,3.552624261999881,2.4945170255495652,2,3.181417184999191,0.00020310227088948807,llama1b,3072,12,23,generation,stagger,study02_s23_llama1b_kv3072_cap12,05_generation_stagger_adaptive,2,8804,880,880,6,0.9947643979057592,5.100382148999415,3.530911348999325,,,,0,0,2,5.006470289999015,5.181417184999191,0,0.07016539440203563,0.16,3584.0
study02_s23_llama1b_kv3072_cap12-06_balanced_stagger_adaptive,adaptive,12,7425.62435493,7443.440375374,17.81602044400006,161.65226174119618,0.07202206400006617,0.1306950977002998,2.9744403864997366,7.191733347150466,0.5358448810002301,0.3010723215500545,0,0,0.00014478269776319053,llama1b,3072,12,23,balanced,stagger,study02_s23_llama1b_kv3072_cap12,06_balanced_stagger_adaptive,1,9165,537,537,5,1.0,0.47580782900058693,0.47580782900058693,,,,0,0,0,0.0,0.0,0,0.04265527950310559,0.11,5760.0
study02_s23_llama1b_kv3072_cap12-07_balanced_burst_adaptive,adaptive,12,7443.735801864,7456.742367515,13.006565651000528,221.42663000193724,1.8701108360000944,6.193236488849924,5.8322724345002825,12.457724364600244,0.2561119920001147,0.23445464475030345,0,0,0.0001822239992179675,llama1b,3072,12,23,balanced,burst,study02_s23_llama1b_kv3072_cap12,07_balanced_burst_adaptive,2,9172,544,544,6,0.9947643979057592,0.3993662710008721,0.2053711660000772,,,,0,0,0,0.0,0.0,0,0.11144420131291029,0.15,5760.0
study02_s23_llama1b_kv3072_cap12-08_balanced_stagger_baseline,baseline,12,7457.033013619,7474.93390514,17.90089152100063,160.8858417258881,0.06947044800017466,0.13323833744971125,2.9830942285002493,7.235574293850232,0.5220241189999797,0.2967919403999983,0,0,0.00012446574593383275,llama1b,3072,12,23,balanced,stagger,study02_s23_llama1b_kv3072_cap12,08_balanced_stagger_baseline,1,9165,537,537,5,1.0,0.46216108499993425,0.46216108499993425,,,,0,0,0,0.0,0.0,0,0.0,0.0,5760.0
study02_s23_llama1b_kv3072_cap12-09_balanced_stagger_fixed,fixed,12,7475.39867923,7493.268605307,17.869926076999946,161.16462863865985,0.08648244699998031,1.2237367869501212,3.1968266684998525,7.58080135925029,0.11148767000031512,0.11142478355031926,0,0,0.00013219386602969507,llama1b,3072,12,23,balanced,stagger,study02_s23_llama1b_kv3072_cap12,09_balanced_stagger_fixed,0,8628,0,0,4,0.7277486910994764,0,0,,,,0,0,0,0.0,0.0,0,0.3,0.3,5760.0
study02_s23_llama1b_kv3072_cap12-10_generation_burst_adaptive,adaptive,12,7493.566849956,7514.757265711,21.190415755000686,205.375866633149,0.06621861150006225,10.521654137399537,5.962825355999939,15.547676231949747,2.6786120589995335,1.6319948736497722,1,1.6786120589995335,0.00020265899929654274,llama1b,3072,12,23,generation,burst,study02_s23_llama1b_kv3072_cap12,10_generation_burst_adaptive,3,9493,1569,1569,9,1.0,3.6449590230004105,2.638947243000075,,,,0,1,1,2.6249555280001005,2.6786120589995335,0,0.1866536964980545,0.29000000000000004,3584.0
study02_s23_llama1b_kv3072_cap12-11_generation_burst_baseline,baseline,12,7515.004968687,7533.541942209,18.536973522000153,234.77403119958797,0.06882972249968589,2.660496780900073,5.377258059999349,14.262828950250146,2.944822477999878,2.1557987683498583,2,4.119054644999778,0.0001867479995780741,llama1b,3072,12,23,generation,burst,study02_s23_llama1b_kv3072_cap12,11_generation_burst_baseline,9,12425,4501,4501,10,1.0,10.301137132001713,2.8749265329997797,,,,0,3,2,6.834697147000043,7.119054644999778,0,0.0,0.0,3584.0
study03_s23_llama1b_kv5120_cap3-00_balanced_stagger_fixed,fixed,12,7557.801825303,7575.991813507,18.189988203999746,158.3288547359654,0.44307796449993475,1.4593432846997074,3.3558247174996723,7.694888085150068,0.11019383300026675,0.11019296125023174,0,0,0.00018994361027324658,llama1b,5120,3,23,balanced,stagger,study03_s23_llama1b_kv5120_cap3,00_balanced_stagger_fixed,0,8628,0,0,3,0.44200626959247646,0,0,,,,0,0,0,0.0,0.0,0,0.3,0.3,5760.0
study03_s23_llama1b_kv5120_cap3-01_balanced_burst_adaptive,adaptive,12,7576.555041972,7592.417755683,15.862713710999742,181.55783761027664,4.296901249500024,9.099661711399765,7.5607766759994774,14.922393875949819,0.11015386400049465,0.11007203335025224,0,0,0.00020664800031226782,llama1b,5120,3,23,balanced,burst,study03_s23_llama1b_kv5120_cap3,01_balanced_burst_adaptive,0,8628,0,0,3,0.4702194357366771,0,0,,,,0,0,0,0.0,0.0,0,0.010539798719121684,0.05,5760.0
study03_s23_llama1b_kv5120_cap3-02_generation_burst_baseline,baseline,12,7592.772828648,7618.183490731,25.410662083000716,171.26669056417114,11.156072706500254,15.495575263499902,13.923844999999801,21.06091285300017,0.06144638700061478,0.06139357325014316,0,0,0.00016751900020606225,llama1b,5120,3,23,generation,burst,study03_s23_llama1b_kv5120_cap3,02_generation_burst_baseline,0,7924,0,0,3,0.5297805642633229,0,0,,,,0,0,0,0.0,0.0,0,0.0,0.0,3584.0
study03_s23_llama1b_kv5120_cap3-03_generation_stagger_fixed,fixed,12,7618.444968215,7643.60700342,25.162035205000393,172.95898223428037,5.631526998500249,6.922714520200043,10.39324948850026,13.606415883949827,0.06084257600014098,0.06076335454981745,0,0,0.00013877605724488262,llama1b,5120,3,23,generation,stagger,study03_s23_llama1b_kv5120_cap3,03_generation_stagger_fixed,0,7924,0,0,3,0.5266457680250783,0,0,,,,0,0,0,0.0,0.0,0,0.3,0.3,3584.0
study03_s23_llama1b_kv5120_cap3-04_generation_stagger_adaptive,adaptive,12,7643.884307502,7669.01441093,25.13010342799953,173.17875401782376,5.613150019000386,6.847520087049952,10.405420148000303,13.572294414749782,0.058308796000346774,0.05829789005038037,0,0,0.00018285468931544813,llama1b,5120,3,23,generation,stagger,study03_s23_llama1b_kv5120_cap3,04_generation_stagger_adaptive,0,7924,0,0,3,0.5266457680250783,0,0,,,,0,0,0,0.0,0.0,0,0.0063822714681440445,0.05,3584.0
study03_s23_llama1b_kv5120_cap3-05_generation_burst_adaptive,adaptive,12,7669.289282868,7694.366701704,25.077418836000106,173.5425814140189,11.05494153249947,15.238041127549785,13.754489469999498,20.723744055399578,0.06144960900019214,0.061439746950190964,0,0,0.00012786199931724695,llama1b,5120,3,23,generation,burst,study03_s23_llama1b_kv5120_cap3,05_generation_burst_adaptive,0,7924,0,0,3,0.5297805642633229,0,0,,,,0,0,0,0.0,0.0,0,0.00641068447412354,0.05,3584.0
study03_s23_llama1b_kv5120_cap3-06_balanced_burst_fixed,fixed,12,7694.68029824,7710.310427947,15.630129706999469,184.2595073737796,4.073321210999893,8.851390476250433,7.324608210999941,14.695006130450064,0.11144108899952698,0.11135014924957432,0,0,0.00019644900021376088,llama1b,5120,3,23,balanced,burst,study03_s23_llama1b_kv5120_cap3,06_balanced_burst_fixed,0,8628,0,0,3,0.4702194357366771,0,0,,,,0,0,0,0.0,0.0,0,0.3,0.3,5760.0
study03_s23_llama1b_kv5120_cap3-07_generation_burst_fixed,fixed,12,7710.558608397,7737.263850236,26.705241838999427,162.96426095810475,11.463717246000215,16.174118008850108,14.484155642000133,22.096012734400023,0.06948888599981728,0.06942260109999551,0,0,0.00021678499997505873,llama1b,5120,3,23,generation,burst,study03_s23_llama1b_kv5120_cap3,07_generation_burst_fixed,0,7924,0,0,3,0.5297805642633229,0,0,,,,0,0,0,0.0,0.0,0,0.3,0.3,3584.0
study03_s23_llama1b_kv5120_cap3-08_balanced_stagger_adaptive,adaptive,12,7737.559090313,7757.008883122,19.449792809000428,148.07355678705608,0.6186899399999675,1.7808606074502675,3.5850829260002683,8.771606725300126,0.1044924190000529,0.10447161194974797,0,0,0.00015899395370722047,llama1b,5120,3,23,balanced,stagger,study03_s23_llama1b_kv5120_cap3,08_balanced_stagger_adaptive,0,8628,0,0,3,0.45141065830721006,0,0,,,,0,0,0,0.0,0.0,0,0.009042386185243329,0.05,5760.0
study03_s23_llama1b_kv5120_cap3-09_balanced_stagger_baseline,baseline,12,7757.389880146,7775.98309432,18.593214174000423,154.89522000059625,0.5399329464999028,1.4622925124996071,3.4273198804999083,7.996899721400086,0.1479075749994081,0.13707153109953651,0,0,0.00018111196524017714,llama1b,5120,3,23,balanced,stagger,study03_s23_llama1b_kv5120_cap3,09_balanced_stagger_baseline,0,8628,0,0,3,0.4357366771159875,0,0,,,,0,0,0,0.0,0.0,0,0.0,0.0,5760.0
study03_s23_llama1b_kv5120_cap3-10_generation_stagger_baseline,baseline,12,7776.28575785,7802.450346192,26.16458834200057,166.33168246771055,6.076126107499931,7.187000159899708,10.889018837499862,14.230359867150305,0.06399670900009369,0.06397801230023106,0,0,0.00018856814132012234,llama1b,5120,3,23,generation,stagger,study03_s23_llama1b_kv5120_cap3,10_generation_stagger_baseline,0,7924,0,0,3,0.5266457680250783,0,0,,,,0,0,0,0.0,0.0,0,0.0,0.0,3584.0
study03_s23_llama1b_kv5120_cap3-11_balanced_burst_baseline,baseline,12,7802.814450104,7820.541399636,17.726949532000617,162.46450043765486,4.5669481030004135,9.804195374799745,8.116873384999963,16.724935093300335,0.11203020199991442,0.11195900504976634,0,0,0.00017796499942046573,llama1b,5120,3,23,balanced,burst,study03_s23_llama1b_kv5120_cap3,11_balanced_burst_baseline,0,8628,0,0,3,0.4702194357366771,0,0,,,,0,0,0,0.0,0.0,0,0.0,0.0,5760.0
study04_s23_llama1b_kv12288_cap12-00_generation_burst_adaptive,adaptive,12,7849.096100257,7860.54213784,11.446037582999452,380.2189157987678,0.07774322999966898,0.10866490825001165,3.9175324564998846,11.153452078050169,0.06209816699993098,0.061980890499626184,0,0,0.0002105920002577477,llama1b,12288,12,23,generation,burst,study04_s23_llama1b_kv12288_cap12,00_generation_burst_adaptive,0,7924,0,0,12,0.3715775749674055,0,0,,,,0,0,0,0.0,0.0,0,0.014600760456273766,0.05,3584.0
study04_s23_llama1b_kv12288_cap12-01_balanced_stagger_fixed,fixed,12,7860.838218232,7878.634739666,17.79652143400017,161.8293783243378,0.07198323349985003,0.13920449589963935,2.7633419165003943,7.181704753949952,0.11086511000030441,0.11082094390017119,0,0,0.00012755774506700845,llama1b,12288,12,23,balanced,stagger,study04_s23_llama1b_kv12288_cap12,01_balanced_stagger_fixed,0,8628,0,0,5,0.2659713168187744,0,0,,,,0,0,0,0.0,0.0,0,0.3,0.3,5760.0
study04_s23_llama1b_kv12288_cap12-02_balanced_burst_baseline,baseline,12,7878.937172468,7886.853965728,7.916793259999395,363.78365651551957,0.1599292479995711,0.23480890120031286,3.1766530779996174,7.620884086400338,0.12275465599941526,0.12269702204939677,0,0,0.00014648399937866596,llama1b,12288,12,23,balanced,burst,study04_s23_llama1b_kv12288_cap12,02_balanced_burst_baseline,0,8628,0,0,12,0.5358539765319426,0,0,,,,0,0,0,0.0,0.0,0,0.0,0.0,5760.0
study04_s23_llama1b_kv12288_cap12-03_generation_burst_fixed,fixed,12,7887.120043877,7898.377090135,11.257046257999718,386.60230226088754,0.06391690899999958,0.11398755769996569,3.780026341499706,10.93781669684995,0.06238295899947843,0.062300141099922254,0,0,0.00016852400003697365,llama1b,12288,12,23,generation,burst,study04_s23_llama1b_kv12288_cap12,03_generation_burst_fixed,0,7924,0,0,12,0.3715775749674055,0,0,,,,0,0,0,0.0,0.0,0,0.3,0.3,3584.0
study04_s23_llama1b_kv12288_cap12-04_balanced_stagger_adaptive,adaptive,12,7898.672238143,7917.075427624,18.40318948100048,156.49461214173348,0.06997090400000161,0.1335587635001957,2.8743766815000527,7.619378816500375,0.11066388899962476,0.11064976389993716,0,0,0.00022741186587182938,llama1b,12288,12,23,balanced,stagger,study04_s23_llama1b_kv12288_cap12,04_balanced_stagger_adaptive,0,8628,0,0,5,0.2633637548891786,0,0,,,,0,0,0,0.0,0.0,0,0.009253012048192772,0.05,5760.0
study04_s23_llama1b_kv12288_cap12-05_balanced_stagger_baseline,baseline,12,7917.410428098,7935.573602695,18.163174596999852,158.56258962988284,0.07566496000026746,0.13642754299967236,2.961858611000025,7.658755826600008,0.11607650599944463,0.11603336729995135,0,0,0.0002039187926703434,llama1b,12288,12,23,balanced,stagger,study04_s23_llama1b_kv12288_cap12,05_balanced_stagger_baseline,0,8628,0,0,5,0.26205997392438074,0,0,,,,0,0,0,0.0,0.0,0,0.0,0.0,5760.0
study04_s23_llama1b_kv12288_cap12-06_balanced_burst_fixed,fixed,12,7935.896099125,7943.899247748,8.003148623000016,359.85836770833566,0.15874636299986378,0.24410401630020712,3.2534179499994025,7.713488775350015,0.1297409159997187,0.12957077185001253,0,0,0.00022186999885887015,llama1b,12288,12,23,balanced,burst,study04_s23_llama1b_kv12288_cap12,06_balanced_burst_fixed,0,8628,0,0,12,0.5358539765319426,0,0,,,,0,0,0,0.0,0.0,0,0.3,0.3,5760.0
study04_s23_llama1b_kv12288_cap12-07_generation_stagger_baseline,baseline,12,7944.145624165,7964.63769446,20.492070294999394,212.37483267183615,0.05886361249986294,0.085462171549716,3.768074292000165,11.155486478949978,0.06289059000027919,0.0628363006001564,0,0,0.00012110068937154495,llama1b,12288,12,23,generation,stagger,study04_s23_llama1b_kv12288_cap12,07_generation_stagger_baseline,0,7924,0,0,7,0.37940026075619293,0,0,,,,0,0,0,0.0,0.0,0,0.0,0.0,3584.0
study04_s23_llama1b_kv12288_cap12-08_balanced_burst_adaptive,adaptive,12,7964.95077248,7973.265639925,8.314867445000345,346.367518069301,0.16826380850034184,0.24934283344982755,3.301672743999916,8.015429343349798,0.1273835699994379,0.1273289896496408,0,0,0.00018488299883756554,llama1b,12288,12,23,balanced,burst,study04_s23_llama1b_kv12288_cap12,08_balanced_burst_adaptive,0,8628,0,0,12,0.5358539765319426,0,0,,,,0,0,0,0.0,0.0,0,0.02198473282442748,0.05,5760.0
study04_s23_llama1b_kv12288_cap12-09_generation_stagger_adaptive,adaptive,12,7973.528872712,7993.610080767,20.08120805500039,216.72002939665353,0.0631093090005379,0.08831948939982794,3.8041774055000133,11.25550128250029,0.06229342300048302,0.062241152650267396,0,0,0.00013149868344797255,llama1b,12288,12,23,generation,stagger,study04_s23_llama1b_kv12288_cap12,09_generation_stagger_adaptive,0,7924,0,0,7,0.37809647979139505,0,0,,,,0,0,0,0.0,0.0,0,0.008152866242038218,0.05,3584.0
study04_s23_llama1b_kv12288_cap12-10_generation_burst_baseline,baseline,12,7993.884866381,8005.593240619,11.708374238000033,371.6997690315874,0.07434745399996245,0.11701244145010606,3.8915236970005935,11.390227467049954,0.0638144859995009,0.06372694744959517,0,0,0.00013886100005033875,llama1b,12288,12,23,generation,burst,study04_s23_llama1b_kv12288_cap12,10_generation_burst_baseline,0,7924,0,0,12,0.3715775749674055,0,0,,,,0,0,0,0.0,0.0,0,0.0,0.0,3584.0
study04_s23_llama1b_kv12288_cap12-11_generation_stagger_fixed,fixed,12,8005.852822478,8026.182807398,20.329984919999333,214.06803876764226,0.05837964149986874,0.08758849969954098,3.8052902039999026,11.194762660200421,0.06096619300024031,0.06085543730000609,0,0,0.0001972069994735648,llama1b,12288,12,23,generation,stagger,study04_s23_llama1b_kv12288_cap12,11_generation_stagger_fixed,0,7924,0,0,7,0.37940026075619293,0,0,,,,0,0,0,0.0,0.0,0,0.3,0.3,3584.0
study05_s23_llama1b_kv3072_cap3-00_generation_stagger_adaptive,adaptive,12,8052.568774979,8077.647226007,25.078451028000018,173.53543865771474,5.462068080500103,6.757185564949805,10.228740278500027,13.483251080400256,0.058214360999954806,0.058202025050104564,0,0,0.00020089914142734644,llama1b,3072,3,23,generation,stagger,study05_s23_llama1b_kv3072_cap3,00_generation_stagger_adaptive,0,7924,0,0,3,0.8795811518324608,0,0,,,,0,0,0,0.0,0.0,0,0.0063822714681440445,0.05,3584.0
study05_s23_llama1b_kv3072_cap3-01_generation_burst_adaptive,adaptive,12,8077.893377096,8102.860339832,24.966962735999914,174.3103494813505,11.262914565000301,15.369963700200058,13.898996670999622,20.730486566199893,0.06152496600043378,0.06151376085012998,0,0,0.0001482190004025996,llama1b,3072,3,23,generation,burst,study05_s23_llama1b_kv3072_cap3,01_generation_burst_adaptive,0,7924,0,0,3,0.8848167539267016,0,0,,,,0,0,0,0.0,0.0,0,0.00641068447412354,0.05,3584.0
study05_s23_llama1b_kv3072_cap3-02_balanced_stagger_fixed,fixed,12,8103.150528879,8121.74006088,18.589532000999498,154.92590129999786,0.5879072114994415,1.5490050245000473,3.423028082499968,8.009341290449765,0.11248882899963064,0.11247508449991983,0,0,0.00015131179285443608,llama1b,3072,3,23,balanced,stagger,study05_s23_llama1b_kv3072_cap3,02_balanced_stagger_fixed,0,8628,0,0,3,0.7277486910994764,0,0,,,,0,0,0,0.0,0.0,0,0.3,0.3,5760.0
study05_s23_llama1b_kv3072_cap3-03_balanced_burst_baseline,baseline,12,8122.042320958,8138.156765985,16.11444502699942,178.72163733685022,4.196412022500226,9.15970323539982,7.563189951000368,15.169742710449873,0.11330627400002413,0.10948469525005748,0,0,0.00015324999931180805,llama1b,3072,3,23,balanced,burst,study05_s23_llama1b_kv3072_cap3,03_balanced_burst_baseline,0,8628,0,0,3,0.7853403141361257,0,0,,,,0,0,0,0.0,0.0,0,0.0,0.0,5760.0
study05_s23_llama1b_kv3072_cap3-04_balanced_burst_adaptive,adaptive,12,8138.556652045,8154.565457047,16.008805001999463,179.9009982094413,4.194659047999721,9.058975256999656,7.535326814499967,15.076703043050065,0.1122044880003159,0.11211494250037504,0,0,0.0001331650000793161,llama1b,3072,3,23,balanced,burst,study05_s23_llama1b_kv3072_cap3,04_balanced_burst_adaptive,0,8628,0,0,3,0.7853403141361257,0,0,,,,0,0,0,0.0,0.0,0,0.010539798719121684,0.05,5760.0
study05_s23_llama1b_kv3072_cap3-05_generation_stagger_baseline,baseline,12,8154.837454996,8180.325522283,25.488067287000376,170.74656744254756,5.785539489999792,7.052845808899837,10.547824120500081,13.824297681199866,0.06134667900005297,0.061336661850191376,0,0,0.00011944198412283669,llama1b,3072,3,23,generation,stagger,study05_s23_llama1b_kv3072_cap3,05_generation_stagger_baseline,0,7924,0,0,3,0.8795811518324608,0,0,,,,0,0,0,0.0,0.0,0,0.0,0.0,3584.0
study05_s23_llama1b_kv3072_cap3-06_generation_burst_fixed,fixed,12,8180.569710636,8206.333912218,25.76420158200017,168.91654826363683,11.30484065599967,15.655131968650446,14.091572711499794,21.324393444750644,0.0596773729994311,0.05967605739933788,0,0,0.00015997399914340071,llama1b,3072,3,23,generation,burst,study05_s23_llama1b_kv3072_cap3,06_generation_burst_fixed,0,7924,0,0,3,0.8848167539267016,0,0,,,,0,0,0,0.0,0.0,0,0.3,0.3,3584.0
study05_s23_llama1b_kv3072_cap3-07_balanced_stagger_adaptive,adaptive,12,8206.649573424,8225.163439598,18.513866174000214,155.55908057953357,0.6322540760002084,1.6695515477993466,3.559833127999809,8.178288452798915,0.11359079999965616,0.11350127759997122,0,0,0.00014551822131991798,llama1b,3072,3,23,balanced,stagger,study05_s23_llama1b_kv3072_cap3,07_balanced_stagger_adaptive,0,8628,0,0,3,0.7539267015706806,0,0,,,,0,0,0,0.0,0.0,0,0.00903529411764706,0.05,5760.0
study05_s23_llama1b_kv3072_cap3-08_generation_stagger_fixed,fixed,12,8225.432030974,8251.082005504,25.64997453000069,169.6687844625272,5.856935045499995,7.10743406979991,10.65119772449998,13.936206844850492,0.06326933300078963,0.06316742350054483,0,0,0.00016196017570813126,llama1b,3072,3,23,generation,stagger,study05_s23_llama1b_kv3072_cap3,08_generation_stagger_fixed,0,7924,0,0,3,0.8795811518324608,0,0,,,,0,0,0,0.0,0.0,0,0.3,0.3,3584.0
study05_s23_llama1b_kv3072_cap3-09_generation_burst_baseline,baseline,12,8251.371181644,8276.254706983,24.88352533899888,174.89483265376782,10.896683771501557,15.096000990448644,13.572256409501279,20.573601869849877,0.061786411999491975,0.061728406249403636,0,0,0.00017443699907743193,llama1b,3072,3,23,generation,burst,study05_s23_llama1b_kv3072_cap3,09_generation_burst_baseline,0,7924,0,0,3,0.8848167539267016,0,0,,,,0,0,0,0.0,0.0,0,0.0,0.0,3584.0
study05_s23_llama1b_kv3072_cap3-10_balanced_burst_fixed,fixed,12,8276.625655122,8292.16332466,15.537669538000046,185.3559823084449,4.520397231500283,9.171740921750004,7.2648931584999445,14.604888841698811,0.10884955099936633,0.10867313795042718,0,0,0.000419956998666704,llama1b,3072,3,23,balanced,burst,study05_s23_llama1b_kv3072_cap3,10_balanced_burst_fixed,0,8628,0,0,3,0.8167539267015707,0,0,,,,0,0,0,0.0,0.0,0,0.3,0.3,5760.0
study05_s23_llama1b_kv3072_cap3-11_balanced_stagger_baseline,baseline,12,8292.543842906,8311.370381553,18.826538647001144,152.97554446944244,0.5614451894998638,1.4810168539001096,3.3948626464998597,8.232877087250198,0.11208102199998393,0.1120634187005635,0,0,0.00019528999837348238,llama1b,3072,3,23,balanced,stagger,study05_s23_llama1b_kv3072_cap3,11_balanced_stagger_baseline,0,8628,0,0,3,0.7486910994764397,0,0,,,,0,0,0,0.0,0.0,0,0.0,0.0,5760.0
study06_s23_qwen1.5b_kv3072_cap6-00_generation_burst_baseline,baseline,12,8337.7276518,8364.061679478,26.334027677999984,165.26146524998737,0.696339028500006,8.836216821899317,9.290791888000058,19.87555822464873,4.680057655001292,2.656603447501218,2,5.842267049001748,0.00012755299976560663,qwen1.5b,3072,6,23,generation,burst,study06_s23_qwen1.5b_kv3072_cap6,00_generation_burst_baseline,4,10044,2120,2120,6,1.0,8.84062868699948,4.595971116999863,,,,0,1,2,8.52473224499954,8.842267049001748,0,0.0,0.0,3584.0
study06_s23_qwen1.5b_kv3072_cap6-01_generation_burst_fixed,fixed,12,8364.3005741,8391.791994903,27.491420803000437,158.30393165874565,2.396208686001046,13.76314061614985,13.839062806499896,22.156210309800638,0.09648926299996674,0.09648149700005888,0,0,0.00011697899935825262,qwen1.5b,3072,6,23,generation,burst,study06_s23_qwen1.5b_kv3072_cap6,01_generation_burst_fixed,0,7924,0,0,6,0.9633507853403142,0,0,,,,0,0,0,0.0,0.0,0,0.3,0.3,3584.0
study06_s23_qwen1.5b_kv3072_cap6-02_generation_stagger_fixed,fixed,12,8392.042274418,8422.794102429,30.751828010999816,141.520042270115,2.4274928695003837,8.932246842249423,11.386657499499961,17.573817640350075,0.16961043999981484,0.13998601055018295,0,0,0.00011102505650129046,qwen1.5b,3072,6,23,generation,stagger,study06_s23_qwen1.5b_kv3072_cap6,02_generation_stagger_fixed,0,7924,0,0,5,0.9267015706806283,0,0,,,,0,0,0,0.0,0.0,0,0.3,0.3,3584.0
study06_s23_qwen1.5b_kv3072_cap6-03_generation_stagger_adaptive,adaptive,12,8423.032086039,8451.321547064,28.28946102500049,153.83820837569047,0.08693457450044662,4.521963152300394,6.704661403500722,16.40590738619985,5.159854235000239,4.277139840349354,2,6.714773206998871,0.0001271796831936456,qwen1.5b,3072,6,23,generation,stagger,study06_s23_qwen1.5b_kv3072_cap6,03_generation_stagger_adaptive,3,9257,1333,1333,6,1.0,8.614612624000074,4.933594624999387,,,,0,1,2,8.219597479997901,8.71477320699887,0,0.12709346991037132,0.24,3584.0
study06_s23_qwen1.5b_kv3072_cap6-04_generation_burst_adaptive,adaptive,12,8451.551616956,8479.199741247,27.648124290999476,157.40669978891634,0.693102593499134,13.800603386949115,9.341071363000083,20.423082123849046,1.0137289479989704,0.6624148882004188,1,0.013728947998970398,0.00019361699814907096,qwen1.5b,3072,6,23,generation,burst,study06_s23_qwen1.5b_kv3072_cap6,04_generation_burst_adaptive,2,8894,970,970,6,1.0,1.2113930970008369,0.9507005870000285,,,,0,0,1,0.930266715999096,1.0137289479989704,0,0.08553246753246753,0.16999999999999998,3584.0
study06_s23_qwen1.5b_kv3072_cap6-05_generation_stagger_baseline,baseline,12,8479.447154872,8508.438916769,28.991761897001197,150.11160809961518,0.07900671650077129,3.8976525616999407,6.436993714999517,16.81345961599954,4.659948221000377,3.8015374480008166,2,5.759149582001555,0.00013475717462618775,qwen1.5b,3072,6,23,generation,stagger,study06_s23_qwen1.5b_kv3072_cap6,05_generation_stagger_baseline,3,9249,1325,1325,6,1.0,7.951686572001563,4.515191693000816,,,,0,1,2,7.432780730001468,7.759149582001555,0,0.0,0.0,3584.0
study07_s23_llama1b_kv5120_cap12-00_generation_stagger_baseline,baseline,12,8534.846197379,8554.976461685,20.130264306000754,216.1918956375891,0.056010821500422026,0.08651587849954012,3.737850765000985,11.003534223650968,0.05926551900120103,0.05923471515106939,0,0,0.0001366200269301565,llama1b,5120,12,23,generation,stagger,study07_s23_llama1b_kv5120_cap12,00_generation_stagger_baseline,0,7924,0,0,7,0.9153605015673981,0,0,,,,0,0,0,0.0,0.0,0,0.0,0.0,3584.0
study07_s23_llama1b_kv5120_cap12-01_balanced_burst_adaptive,adaptive,12,8555.330620548,8565.127135903,9.796515354999428,293.9820839999253,0.17210080549921258,2.0247153981997146,3.4773479759996917,9.332708806450228,0.16056969899909745,0.16047203714970237,0,0,0.00021886399918003008,llama1b,5120,12,23,balanced,burst,study07_s23_llama1b_kv5120_cap12,01_balanced_burst_adaptive,0,8628,0,0,8,0.9435736677115988,0,0,,,,0,0,0,0.0,0.0,0,0.017723076923076925,0.05,5760.0
study07_s23_llama1b_kv5120_cap12-02_generation_stagger_fixed,fixed,12,8565.389174504,8587.473976286,22.084801782000795,197.05859454654006,0.06426355999974476,0.9600477379002754,3.8560701525002514,11.93784392239977,0.0588066179989255,0.05864345334994141,0,0,0.00017348602723066264,llama1b,5120,12,23,generation,stagger,study07_s23_llama1b_kv5120_cap12,02_generation_stagger_fixed,0,7924,0,0,7,0.786833855799373,0,0,,,,0,0,0,0.0,0.0,0,0.3,0.3,3584.0
study07_s23_llama1b_kv5120_cap12-03_balanced_burst_baseline,baseline,12,8587.774799537,8597.474619636,9.699820099000135,296.9127231851313,0.15442517599967687,2.0694315050001935,3.4757068995004374,9.244671690200267,0.14267118699899584,0.14251731954973365,0,0,0.00018733999859249506,llama1b,5120,12,23,balanced,burst,study07_s23_llama1b_kv5120_cap12,03_balanced_burst_baseline,0,8628,0,0,8,0.9968652037617555,0,0,,,,0,0,0,0.0,0.0,0,0.0,0.0,5760.0
study07_s23_llama1b_kv5120_cap12-04_generation_burst_baseline,baseline,12,8597.729739845,8609.368752023,11.639012178000485,373.91489358744263,0.07553335850116127,0.11661373969955093,3.948460083500322,11.331940566000867,0.06260909900083789,0.06260614715029078,0,0,0.00019174799854226876,llama1b,5120,12,23,generation,burst,study07_s23_llama1b_kv5120_cap12,04_generation_burst_baseline,0,7924,0,0,12,0.8934169278996865,0,0,,,,0,0,0,0.0,0.0,0,0.0,0.0,3584.0
study07_s23_llama1b_kv5120_cap12-05_balanced_stagger_fixed,fixed,12,8609.680888194,8627.840506987,18.159618793000845,158.5936375002553,0.07777637150047667,0.13844944224883873,2.904785009999614,7.5400760548996,0.11337137699956656,0.11327410124958988,0,0,0.00012757196574142426,llama1b,5120,12,23,balanced,stagger,study07_s23_llama1b_kv5120_cap12,05_balanced_stagger_fixed,0,8628,0,0,5,0.6332288401253918,0,0,,,,0,0,0,0.0,0.0,0,0.3,0.3,5760.0
study07_s23_llama1b_kv5120_cap12-06_generation_burst_adaptive,adaptive,12,8628.100491645,8639.805992464,11.705500819000008,371.79101238760904,0.07664673850104009,0.11676667555002496,3.9967104429988467,11.404877010699602,0.06651836599849048,0.06651552304929283,0,0,0.0001647419991058774,llama1b,5120,12,23,generation,burst,study07_s23_llama1b_kv5120_cap12,06_generation_burst_adaptive,0,7924,0,0,12,0.8934169278996865,0,0,,,,0,0,0,0.0,0.0,0,0.014600760456273766,0.05,3584.0
study07_s23_llama1b_kv5120_cap12-07_balanced_burst_fixed,fixed,12,8640.112321189,8651.330815273,11.218494083999758,256.71894805449557,0.6020765625007698,3.7439466089001145,4.2538846869992994,10.76330905255054,0.15876645500065933,0.1586611481510772,0,0,0.0001327059992036056,llama1b,5120,12,23,balanced,burst,study07_s23_llama1b_kv5120_cap12,07_balanced_burst_fixed,0,8628,0,0,7,0.768025078369906,0,0,,,,0,0,0,0.0,0.0,0,0.3,0.3,5760.0
study07_s23_llama1b_kv5120_cap12-08_balanced_stagger_baseline,baseline,12,8651.634778745,8669.874989696,18.240210951000336,157.89291076384475,0.07480958450014441,0.12784495965006498,2.9065875564992893,7.5574988266007495,0.11275568199926056,0.11269553454931155,0,0,0.00023180799871624913,llama1b,5120,12,23,balanced,stagger,study07_s23_llama1b_kv5120_cap12,08_balanced_stagger_baseline,0,8628,0,0,5,0.6300940438871474,0,0,,,,0,0,0,0.0,0.0,0,0.0,0.0,5760.0
study07_s23_llama1b_kv5120_cap12-09_balanced_stagger_adaptive,adaptive,12,8670.168975026,8688.719223865,18.550248839001142,155.25398203526615,0.07283068099968659,0.13214304395005455,2.964495967500625,7.770061363150762,0.1089451679999911,0.10893356629912887,0,0,0.0001271977461456686,llama1b,5120,12,23,balanced,stagger,study07_s23_llama1b_kv5120_cap12,09_balanced_stagger_adaptive,0,8628,0,0,5,0.6300940438871474,0,0,,,,0,0,0,0.0,0.0,0,0.009290322580645162,0.05,5760.0
study07_s23_llama1b_kv5120_cap12-10_generation_stagger_adaptive,adaptive,12,8689.001470833,8709.879223564,20.87775273099942,208.45155396146268,0.06398707249991276,0.09396375414944486,4.117143267000756,12.030719970999234,0.06532241600143607,0.0651855589513616,0,0,0.0002872280001611216,llama1b,5120,12,23,generation,stagger,study07_s23_llama1b_kv5120_cap12,10_generation_stagger_adaptive,0,7924,0,0,7,0.8996865203761756,0,0,,,,0,0,0,0.0,0.0,0,0.008408759124087593,0.05,3584.0
study07_s23_llama1b_kv5120_cap12-11_generation_burst_fixed,fixed,12,8710.147267243,8721.652499934,11.505232690999037,378.26266681287797,0.07162042699928861,0.5135478488002256,3.918031941499976,11.19470827920004,0.06941029799963871,0.06935554989986485,0,0,0.00022053499851604208,llama1b,5120,12,23,generation,burst,study07_s23_llama1b_kv5120_cap12,11_generation_burst_fixed,0,7924,0,0,11,0.8934169278996865,0,0,,,,0,0,0,0.0,0.0,0,0.3,0.3,3584.0
study08_s77_qwen1.5b_kv3072_cap6-00_generation_stagger_adaptive,adaptive,12,8746.10423717,8769.580926608,23.476689437999084,185.375370385737,0.09813534549994074,13.483994612700462,14.086707074499827,18.601832012700196,10.166922611999325,7.362107328399539,2,13.234181071999046,0.0002169385771091381,qwen1.5b,3072,6,77,generation,stagger,study08_s77_qwen1.5b_kv3072_cap6,00_generation_stagger_adaptive,3,10020,2096,2096,6,1.0,15.483032358997662,9.977213831998597,,,,0,0,2,14.822310597997784,15.234181071999046,0,0.09821052631578947,0.19,3584.0
study08_s77_qwen1.5b_kv3072_cap6-01_generation_burst_fixed,fixed,12,8769.820867082,8790.088083237,20.267216154999915,214.731020122187,0.6691186094994919,15.579093300799558,15.68663937149904,19.85524423445013,10.257015773999228,7.270782146699817,3,13.09675568700004,0.0001964130005944753,qwen1.5b,3072,6,77,generation,burst,study08_s77_qwen1.5b_kv3072_cap6,01_generation_burst_fixed,3,10025,2101,2101,6,1.0,15.416229092999856,9.977481054000236,,,,0,0,3,15.358113299000252,16.09675568700004,0,0.3,0.3,3584.0
study08_s77_qwen1.5b_kv3072_cap6-02_generation_burst_baseline,baseline,12,8790.327044586,8810.907220335,20.580175749000773,211.46563824710302,0.6668198024999583,14.549409124700196,15.16144331400028,19.657454463900283,8.167685267000707,6.271095057750424,3,10.974650866000957,0.00017105799961425472,qwen1.5b,3072,6,77,generation,burst,study08_s77_qwen1.5b_kv3072_cap6,02_generation_burst_baseline,5,10916,2992,2992,6,1.0,13.764136797997708,7.759561069000483,,,,0,1,3,13.097521973000767,13.974650866000957,0,0.0,0.0,3584.0
study08_s77_qwen1.5b_kv3072_cap6-03_generation_stagger_baseline,baseline,12,8811.164270143,8834.912126252,23.747856109001077,183.2586478553942,0.10490000800018606,12.693035720899934,14.27270921499985,18.793485159200372,8.414811160999307,6.23237337435057,2,10.911713354002131,0.0001357575784319831,qwen1.5b,3072,6,77,generation,stagger,study08_s77_qwen1.5b_kv3072_cap6,03_generation_stagger_baseline,5,10909,2985,2985,6,1.0,14.273104539997803,8.225486260000253,,,,0,1,2,13.351640756000052,13.911713354002131,0,0.0,0.0,3584.0
study08_s77_qwen1.5b_kv3072_cap6-04_generation_stagger_fixed,fixed,12,8835.184808109,8858.652947017,23.468138908001492,185.4429112193545,0.10391677450024872,13.632587802700709,14.340814694999608,18.584530971549793,9.886666111000523,7.0686867528500406,2,12.649733389000176,0.00027726334148514553,qwen1.5b,3072,6,77,generation,stagger,study08_s77_qwen1.5b_kv3072_cap6,04_generation_stagger_fixed,3,10030,2106,2106,6,1.0,14.827274492998185,9.702807375999328,,,,0,0,2,14.244301771997925,14.649733389000176,0,0.3,0.3,3584.0
study08_s77_qwen1.5b_kv3072_cap6-05_generation_burst_adaptive,adaptive,12,8858.889464892,8878.400905232,19.511440340000263,223.04862809528194,0.6454040104999876,14.884701496599337,14.78096617600022,19.109352182199473,8.803350743999545,6.446313669299704,3,11.332504001999041,0.00013500399982147027,qwen1.5b,3072,6,77,generation,burst,study08_s77_qwen1.5b_kv3072_cap6,05_generation_burst_adaptive,4,10774,2850,2850,6,1.0,14.298289871001543,8.608567928000411,,,,0,1,3,13.679521094001757,14.332504001999041,0,0.1930514705882353,0.31,3584.0
study09_s77_llama1b_kv5120_cap6-00_generation_burst_adaptive,adaptive,12,8902.757879155,8915.162587729,12.404708574000324,350.8345217493931,0.4282173179999518,7.695760662150132,8.237551453000378,11.714837545249793,0.061107714998797746,0.06104613479974432,0,0,0.0001830929992138186,llama1b,5120,6,77,generation,burst,study09_s77_llama1b_kv5120_cap6,00_generation_burst_adaptive,0,7924,0,0,6,0.8150470219435737,0,0,,,,0,0,0,0.0,0.0,0,0.01381294964028777,0.05,3584.0
study09_s77_llama1b_kv5120_cap6-01_generation_stagger_fixed,fixed,12,8915.611944981,8931.453088076,15.841143095000007,274.72764900240287,0.07797027950073243,6.909758509799211,6.771710499499022,11.450183819100129,0.06430564699985553,0.06111270945020805,0,0,0.00042676733930324673,llama1b,5120,6,77,generation,stagger,study09_s77_llama1b_kv5120_cap6,01_generation_stagger_fixed,0,7924,0,0,6,0.8338557993730408,0,0,,,,0,0,0,0.0,0.0,0,0.3,0.3,3584.0
study09_s77_llama1b_kv5120_cap6-02_generation_burst_baseline,baseline,12,8931.724895738,8943.952195955,12.227300217000447,355.92485035650947,0.4888928105001469,7.607923459700304,8.150103232500442,11.576522325399946,0.06431422199966619,0.06415930954944997,0,0,0.00014678999978057217,llama1b,5120,6,77,generation,burst,study09_s77_llama1b_kv5120_cap6,02_generation_burst_baseline,0,7924,0,0,6,0.8181818181818181,0,0,,,,0,0,0,0.0,0.0,0,0.0,0.0,3584.0
study09_s77_llama1b_kv5120_cap6-03_balanced_burst_baseline,baseline,12,8944.269830012,8953.148043419,8.878213407000658,324.3895892082364,1.1506970469990847,3.8551000647489673,4.438223154000298,8.111957633100156,0.8752970919995278,0.4611958346496971,0,0,0.0002142489993275376,llama1b,5120,6,77,balanced,burst,study09_s77_llama1b_kv5120_cap6,03_balanced_burst_baseline,1,8945,317,317,6,1.0,0.8398449480009731,0.8398449480009731,,,,0,0,0,0.0,0.0,0,0.0,0.0,5760.0
study09_s77_llama1b_kv5120_cap6-04_balanced_burst_adaptive,adaptive,12,8953.479856306,8962.180886159,8.701029853000364,330.9953015512174,1.1239638044999083,3.75838935544989,4.332061440500183,7.95293615305045,0.838306637999267,0.44064632989975455,0,0,0.00019167499885952566,llama1b,5120,6,77,balanced,burst,study09_s77_llama1b_kv5120_cap6,04_balanced_burst_adaptive,1,8945,317,317,6,1.0,0.8003294409991213,0.8003294409991213,,,,0,0,0,0.0,0.0,0,0.036764199655765925,0.08,5760.0
study09_s77_llama1b_kv5120_cap6-05_generation_stagger_adaptive,adaptive,12,8962.451233325,8977.748747619,15.297514293999484,284.4906640621405,0.07134117650002736,5.126370515250073,6.018890033000389,10.959228132299632,0.06070702800025174,0.0603137680997861,0,0,0.0001286549435768336,llama1b,5120,6,77,generation,stagger,study09_s77_llama1b_kv5120_cap6,05_generation_stagger_adaptive,0,7924,0,0,6,0.8338557993730408,0,0,,,,0,0,0,0.0,0.0,0,0.011821862348178138,0.05,3584.0
study09_s77_llama1b_kv5120_cap6-06_balanced_burst_fixed,fixed,12,8978.044852699,8989.578474251,11.533621552000113,249.70474252300764,1.1099620450004295,7.321051005949357,6.067028332499831,11.027004268349993,0.13317256499976793,0.12194906370059469,0,0,0.0001479610007663612,llama1b,5120,6,77,balanced,burst,study09_s77_llama1b_kv5120_cap6,06_balanced_burst_fixed,0,8628,0,0,6,0.8307210031347962,0,0,,,,0,0,0,0.0,0.0,0,0.3,0.3,5760.0
study09_s77_llama1b_kv5120_cap6-07_generation_burst_fixed,fixed,12,8989.899895749,9002.188537972,12.288642223000352,354.14815738181943,0.4549103714998637,8.927651782950122,8.20501074599997,11.825342208551138,0.06596388200159709,0.06595536910108421,0,0,0.00022129000026324674,llama1b,5120,6,77,generation,burst,study09_s77_llama1b_kv5120_cap6,07_generation_burst_fixed,0,7924,0,0,6,0.8150470219435737,0,0,,,,0,0,0,0.0,0.0,0,0.3,0.3,3584.0
study09_s77_llama1b_kv5120_cap6-08_balanced_stagger_fixed,fixed,12,9002.485604901,9014.686699278,12.201094377000118,236.04439987194866,0.4913797830004114,4.182072794400574,4.36191053300081,8.007162015499489,0.14929157700134965,0.14902838880043418,0,0,0.0001272797445699414,llama1b,5120,6,77,balanced,stagger,study09_s77_llama1b_kv5120_cap6,08_balanced_stagger_fixed,0,8628,0,0,5,0.7460815047021944,0,0,,,,0,0,0,0.0,0.0,0,0.3,0.3,5760.0
study09_s77_llama1b_kv5120_cap6-09_generation_stagger_baseline,baseline,12,9014.962961064,9030.729508152,15.766547088000152,276.0274634458351,0.07328736199906416,5.357882294650153,6.317853330500839,11.388713022699722,0.0627578400017228,0.06259055310156328,0,0,0.0002088843137757479,llama1b,5120,6,77,generation,stagger,study09_s77_llama1b_kv5120_cap6,09_generation_stagger_baseline,0,7924,0,0,6,0.8338557993730408,0,0,,,,0,0,0,0.0,0.0,0,0.0,0.0,3584.0
study09_s77_llama1b_kv5120_cap6-10_balanced_stagger_adaptive,adaptive,12,9031.038648881,9041.767172222,10.728523341000255,268.4432804460384,0.11674809249961982,0.9533562331001117,3.1466425424996487,8.003396895200694,0.27159147199927247,0.18538980644943864,0,0,0.0002588747103999811,llama1b,5120,6,77,balanced,stagger,study09_s77_llama1b_kv5120_cap6,10_balanced_stagger_adaptive,1,8960,332,332,6,1.0,0.2366392409985565,0.2366392409985565,,,,0,0,0,0.0,0.0,0,0.03379113018597997,0.08,5760.0
study09_s77_llama1b_kv5120_cap6-11_balanced_stagger_baseline,baseline,12,9042.067773792,9052.9113851,10.843611308000618,265.5941750581822,0.10962528700019902,0.9051226244504501,3.1229877475007015,8.014118281399623,0.27494831700096256,0.1879079817499586,0,0,0.00013427207330041213,llama1b,5120,6,77,balanced,stagger,study09_s77_llama1b_kv5120_cap6,11_balanced_stagger_baseline,1,8958,330,330,6,1.0,0.23889163399871904,0.23889163399871904,,,,0,0,0,0.0,0.0,0,0.0,0.0,5760.0
study10_s77_llama1b_kv3072_cap3-00_generation_burst_baseline,baseline,12,9077.442259675,9099.583707411,22.141447736001282,196.55444629863962,7.602034442999866,18.89990047315114,15.323491570499755,20.745122900600563,0.0596467119994486,0.05957292839939328,0,0,0.00011800899919761632,llama1b,3072,3,77,generation,burst,study10_s77_llama1b_kv3072_cap3,00_generation_burst_baseline,0,7924,0,0,3,0.9267015706806283,0,0,,,,0,0,0,0.0,0.0,0,0.0,0.0,3584.0
study10_s77_llama1b_kv3072_cap3-01_balanced_burst_adaptive,adaptive,12,9099.895412791,9115.62371793,15.72830513900044,183.10936712809914,7.981963471999734,11.162648717199225,10.124095272999512,14.858649393599716,3.1513013990006584,1.480879123500015,1,2.1513013990006584,0.00024315200062119402,llama1b,3072,3,77,balanced,burst,study10_s77_llama1b_kv3072_cap3,01_balanced_burst_adaptive,1,9175,547,547,3,1.0,3.0712861709998833,3.0712861709998833,,,,0,0,1,3.059727185000156,3.1513013990006584,0,0.038851412944393794,0.09,5760.0
study10_s77_llama1b_kv3072_cap3-02_balanced_burst_fixed,fixed,12,9115.948342022,9134.216539604,18.26819758199963,157.65102096540585,7.984740526499991,14.006666003050668,11.815197046499634,17.762960649250182,0.11006347500006086,0.11006108140036304,0,0,0.00023969899957587693,llama1b,3072,3,77,balanced,burst,study10_s77_llama1b_kv3072_cap3,02_balanced_burst_fixed,0,8628,0,0,3,0.7643979057591623,0,0,,,,0,0,0,0.0,0.0,0,0.3,0.3,5760.0
study10_s77_llama1b_kv3072_cap3-03_generation_stagger_fixed,fixed,12,9134.538394324,9159.97410639,25.435712066000633,171.09802110935294,7.223529984499692,15.997366480349683,14.525633021500653,18.942247937949194,0.06533608800054935,0.06236085365062535,0,0,0.00013398233924721836,llama1b,3072,3,77,generation,stagger,study10_s77_llama1b_kv3072_cap3,03_generation_stagger_fixed,0,7924,0,0,3,0.9476439790575917,0,0,,,,0,0,0,0.0,0.0,0,0.3,0.3,3584.0
study10_s77_llama1b_kv3072_cap3-04_generation_burst_fixed,fixed,12,9160.286918285,9181.477416872,21.19049858699873,205.3750638349839,7.354384782499437,18.1241258272501,14.794019783000294,19.849563108999973,0.06077075000030163,0.060594762100117806,0,0,0.00017965499937416807,llama1b,3072,3,77,generation,burst,study10_s77_llama1b_kv3072_cap3,04_generation_burst_fixed,0,7924,0,0,3,0.9267015706806283,0,0,,,,0,0,0,0.0,0.0,0,0.3,0.3,3584.0
study10_s77_llama1b_kv3072_cap3-05_generation_burst_adaptive,adaptive,12,9181.726076072,9203.997112377,22.271036304999143,195.41075414722008,7.611254810500213,19.117406268050036,15.671659734999594,20.899629021399505,0.06008536300032574,0.06008096795003439,0,0,0.00018241699981444426,llama1b,3072,3,77,generation,burst,study10_s77_llama1b_kv3072_cap3,05_generation_burst_adaptive,0,7924,0,0,3,0.9267015706806283,0,0,,,,0,0,0,0.0,0.0,0,0.007470817120622569,0.05,3584.0
study10_s77_llama1b_kv3072_cap3-06_balanced_stagger_adaptive,adaptive,12,9204.362757523,9220.61381105,16.251053526999385,177.2192796740955,5.612359590500091,7.304921818699858,7.848787854500188,11.741777743249985,3.5271564570011833,1.652350484399901,1,2.5271564570011833,0.00015789514282760209,llama1b,3072,3,77,balanced,stagger,study10_s77_llama1b_kv3072_cap3,06_balanced_stagger_adaptive,1,9189,561,561,3,1.0,3.45441061999918,3.45441061999918,,,,0,0,1,3.440449351999632,3.5271564570011833,0,0.03848784878487849,0.09,5760.0
study10_s77_llama1b_kv3072_cap3-07_generation_stagger_baseline,baseline,12,9220.872261419,9245.947609165,25.07534774600026,173.55691510576088,6.5933338495005955,15.53409496894974,13.956060459500804,18.511553569500663,0.06077961699884327,0.06011370009955499,0,0,0.00019124757822708283,llama1b,3072,3,77,generation,stagger,study10_s77_llama1b_kv3072_cap3,07_generation_stagger_baseline,0,7924,0,0,3,0.9424083769633508,0,0,,,,0,0,0,0.0,0.0,0,0.0,0.0,3584.0
study10_s77_llama1b_kv3072_cap3-08_generation_stagger_adaptive,adaptive,12,9246.2183759,9271.425410031,25.20703413100091,172.65022046555197,6.657133882999005,15.649340701550774,14.077362368499962,18.63350534040037,0.06294365599933371,0.06292545539972708,0,0,0.00013212157686637305,llama1b,3072,3,77,generation,stagger,study10_s77_llama1b_kv3072_cap3,08_generation_stagger_adaptive,0,7924,0,0,3,0.9476439790575917,0,0,,,,0,0,0,0.0,0.0,0,0.0069940119760479045,0.05,3584.0
study10_s77_llama1b_kv3072_cap3-09_balanced_burst_baseline,baseline,12,9271.748342497,9287.653295834,15.904953336999824,181.07566485594347,8.210190489499837,11.434920943299765,10.394631856500382,15.04044302184975,3.3097157680003875,1.5518071353002574,1,2.3097157680003875,0.00019020699837710153,llama1b,3072,3,77,balanced,burst,study10_s77_llama1b_kv3072_cap3,09_balanced_burst_baseline,1,9176,548,548,3,1.0,3.233198224001171,3.233198224001171,,,,0,0,1,3.2157359890006774,3.3097157680003875,0,0.0,0.0,5760.0
study10_s77_llama1b_kv3072_cap3-10_balanced_stagger_fixed,fixed,12,9287.96244839,9307.247833451,19.285385060999033,149.33588263291895,6.996447978500328,11.242524355149817,9.642359347500133,14.987942679400293,0.10112535200096318,0.10106411829974604,0,0,0.00013092955640914283,llama1b,3072,3,77,balanced,stagger,study10_s77_llama1b_kv3072_cap3,10_balanced_stagger_fixed,0,8628,0,0,3,0.7643979057591623,0,0,,,,0,0,0,0.0,0.0,0,0.3,0.3,5760.0
study10_s77_llama1b_kv3072_cap3-11_balanced_stagger_baseline,baseline,12,9307.566952453,9323.81869097,16.251738516999467,177.2118101080382,5.698413794000771,7.3781307775001554,7.921684208000443,11.773342937999313,3.6290722910016484,1.6943335493502647,1,2.6290722910016484,0.00022473547853163467,llama1b,3072,3,77,balanced,stagger,study10_s77_llama1b_kv3072_cap3,11_balanced_stagger_baseline,1,9190,562,562,3,1.0,3.5576826199994684,3.5576826199994684,,,,0,0,1,3.5398921060004795,3.6290722910016484,0,0.0,0.0,5760.0
study11_s77_qwen1.5b_kv12288_cap12-00_generation_stagger_adaptive,adaptive,12,9348.104085164,9366.877814416,18.77372925200143,231.81329301081945,0.07329290049983683,0.11536542620006003,5.064929215499433,14.460919128349815,0.08738573099981295,0.08719048925040625,0,0,0.00019024651599819364,qwen1.5b,12288,12,77,generation,stagger,study11_s77_qwen1.5b_kv12288_cap12,00_generation_stagger_adaptive,0,7924,0,0,10,0.35462842242503256,0,0,,,,0,0,0,0.0,0.0,0,0.012051813471502592,0.05,3584.0
study11_s77_qwen1.5b_kv12288_cap12-01_generation_stagger_baseline,baseline,12,9367.121064933,9385.431330732,18.310265799000263,237.6808751862913,0.07417245900069247,0.11402292625052723,4.772796673999437,14.002953916499518,0.08288063100008003,0.0827214890500727,0,0,0.0001222895157151349,qwen1.5b,12288,12,77,generation,stagger,study11_s77_qwen1.5b_kv12288_cap12,01_generation_stagger_baseline,0,7924,0,0,10,0.35462842242503256,0,0,,,,0,0,0,0.0,0.0,0,0.0,0.0,3584.0
study11_s77_qwen1.5b_kv12288_cap12-02_generation_burst_adaptive,adaptive,12,9385.669865271,9401.144657074,15.474791803000699,281.2315703760298,0.15664624300006835,0.19725412935003986,5.159125915499317,15.302741742849594,0.11359554900082003,0.11353700865038263,0,0,0.00017815999963199936,qwen1.5b,12288,12,77,generation,burst,study11_s77_qwen1.5b_kv12288_cap12,02_generation_burst_adaptive,0,7924,0,0,12,0.36766623207301175,0,0,,,,0,0,0,0.0,0.0,0,0.01484536082474227,0.05,3584.0
study11_s77_qwen1.5b_kv12288_cap12-03_generation_burst_baseline,baseline,12,9401.393876732,9416.463188899,15.069312167001044,288.7988483993357,0.1683156709996183,0.20929377364991522,5.246820524500436,14.914420262899693,0.09102443099982338,0.09093634575019678,0,0,0.00017867399983514942,qwen1.5b,12288,12,77,generation,burst,study11_s77_qwen1.5b_kv12288_cap12,03_generation_burst_baseline,0,7924,0,0,12,0.36766623207301175,0,0,,,,0,0,0,0.0,0.0,0,0.0,0.0,3584.0
study11_s77_qwen1.5b_kv12288_cap12-04_generation_burst_fixed,fixed,12,9416.70863924,9431.332239494,14.623600254000849,297.6011327175976,0.15468458449959144,0.1970761642490288,5.035138219000146,14.468563143800292,0.08933169999909296,0.08928646305002985,0,0,0.0001414749989634978,qwen1.5b,12288,12,77,generation,burst,study11_s77_qwen1.5b_kv12288_cap12,04_generation_burst_fixed,0,7924,0,0,12,0.36766623207301175,0,0,,,,0,0,0,0.0,0.0,0,0.3,0.3,3584.0
study11_s77_qwen1.5b_kv12288_cap12-05_generation_stagger_fixed,fixed,12,9431.59217947,9450.777327187,19.185147716998472,226.84214185872702,0.08031998699971155,0.11801572290078183,5.3251328075002675,14.945428785999592,0.09381735900024069,0.09372753299976466,0,0,0.0001458746631670671,qwen1.5b,12288,12,77,generation,stagger,study11_s77_qwen1.5b_kv12288_cap12,05_generation_stagger_fixed,0,7924,0,0,10,0.35462842242503256,0,0,,,,0,0,0,0.0,0.0,0,0.3,0.3,3584.0
study12_s77_llama1b_kv12288_cap12-00_generation_stagger_fixed,fixed,12,9475.285795369,9490.881409131,15.59561376199963,279.05282000533447,0.05472056500002509,0.09167996185060474,3.8887515524993432,11.268636634050745,0.06147868399966683,0.06141355684985683,0,0,0.00015510926210726694,llama1b,12288,12,77,generation,stagger,study12_s77_llama1b_kv12288_cap12,00_generation_stagger_fixed,0,7924,0,0,10,0.3702737940026075,0,0,,,,0,0,0,0.0,0.0,0,0.3,0.3,3584.0
study12_s77_llama1b_kv12288_cap12-01_balanced_stagger_fixed,fixed,12,9491.199412589,9501.814270009,10.61485741999968,271.31782237354696,0.07129714199982118,0.14262787100024069,2.9518173729993578,7.885233925350258,0.11528550000002724,0.1152853883494572,0,0,0.00015467278732295142,llama1b,12288,12,77,balanced,stagger,study12_s77_llama1b_kv12288_cap12,01_balanced_stagger_fixed,0,8628,0,0,9,0.4771838331160365,0,0,,,,0,0,0,0.0,0.0,0,0.3,0.3,5760.0
study12_s77_llama1b_kv12288_cap12-02_generation_burst_fixed,fixed,12,9502.130834789,9514.843058594,12.712223804999667,342.3476542545118,0.09310597749936278,0.13902781295009844,4.4645678040005805,12.52489663325041,0.08066293199954089,0.08064242359932905,0,0,0.00021818600107503805,llama1b,12288,12,77,generation,burst,study12_s77_llama1b_kv12288_cap12,02_generation_burst_fixed,0,7924,0,0,12,0.36766623207301175,0,0,,,,0,0,0,0.0,0.0,0,0.3,0.3,3584.0
study12_s77_llama1b_kv12288_cap12-03_generation_burst_baseline,baseline,12,9515.100625427,9526.678431285,11.57780585799992,375.8916027247855,0.07579355550024047,0.11310481610071291,3.9362736540006154,11.378994993949982,0.06819607699981134,0.0681613384497723,0,0,0.00012974199962623167,llama1b,12288,12,77,generation,burst,study12_s77_llama1b_kv12288_cap12,03_generation_burst_baseline,0,7924,0,0,12,0.36766623207301175,0,0,,,,0,0,0,0.0,0.0,0,0.0,0.0,3584.0
study12_s77_llama1b_kv12288_cap12-04_balanced_burst_adaptive,adaptive,12,9526.987320156,9535.238782807,8.25146265100011,349.0290293746809,0.21196023599986802,0.268221339050524,3.1940493524989506,8.112028853649644,0.13939095500063559,0.13937618475001728,0,0,0.00021544199989875779,llama1b,12288,12,77,balanced,burst,study12_s77_llama1b_kv12288_cap12,04_balanced_burst_adaptive,0,8628,0,0,12,0.5397653194263363,0,0,,,,0,0,0,0.0,0.0,0,0.022111324376199618,0.05,5760.0
study12_s77_llama1b_kv12288_cap12-05_generation_stagger_adaptive,adaptive,12,9535.539088161,9551.532775274,15.993687112999396,272.10736143904984,0.05790527499902964,0.09292090800017831,4.048788286499985,11.69612627784927,0.06396143399979337,0.06384290624946516,0,0,0.0007318623155301296,llama1b,12288,12,77,generation,stagger,study12_s77_llama1b_kv12288_cap12,05_generation_stagger_adaptive,0,7924,0,0,10,0.36766623207301175,0,0,,,,0,0,0,0.0,0.0,0,0.01189409368635438,0.05,3584.0
study12_s77_llama1b_kv12288_cap12-06_balanced_stagger_adaptive,adaptive,12,9551.840869109,9562.640165369,10.79929626000012,266.68404409529256,0.07259431850070541,0.14618576254970322,2.985709098499683,7.926408577650181,0.11658913800056325,0.1165578221000942,0,0,0.0002862934778198323,llama1b,12288,12,77,balanced,stagger,study12_s77_llama1b_kv12288_cap12,06_balanced_stagger_adaptive,0,8628,0,0,9,0.4810951760104303,0,0,,,,0,0,0,0.0,0.0,0,0.016363636363636365,0.05,5760.0
study12_s77_llama1b_kv12288_cap12-07_balanced_burst_baseline,baseline,12,9562.992667179,9570.969836404,7.97716922499967,361.0303252655542,0.21867134300009639,0.27483755420025774,3.1745096324993938,7.839595665549768,0.13986741900043853,0.13975834079947164,0,0,0.00023698900113230947,llama1b,12288,12,77,balanced,burst,study12_s77_llama1b_kv12288_cap12,07_balanced_burst_baseline,0,8628,0,0,12,0.5397653194263363,0,0,,,,0,0,0,0.0,0.0,0,0.0,0.0,5760.0
study12_s77_llama1b_kv12288_cap12-08_balanced_burst_fixed,fixed,12,9571.26824399,9579.212429239,7.944185248999929,362.5293103987668,0.21424705449953763,0.26971495700072406,3.1441669040004854,7.80679512505103,0.13795235600082378,0.13793664415015883,0,0,0.00023279700071721088,llama1b,12288,12,77,balanced,burst,study12_s77_llama1b_kv12288_cap12,08_balanced_burst_fixed,0,8628,0,0,12,0.5397653194263363,0,0,,,,0,0,0,0.0,0.0,0,0.3,0.3,5760.0
study12_s77_llama1b_kv12288_cap12-09_generation_burst_adaptive,adaptive,12,9579.460932628,9591.092918924,11.631986295999013,374.14074339968334,0.07061445400086086,0.11441652395023993,3.7910097649992167,11.432570924300398,0.06277857799977937,0.06275540374999763,0,0,0.00015579799910481196,llama1b,12288,12,77,generation,burst,study12_s77_llama1b_kv12288_cap12,09_generation_burst_adaptive,0,7924,0,0,12,0.36766623207301175,0,0,,,,0,0,0,0.0,0.0,0,0.01475032010243278,0.05,3584.0
study12_s77_llama1b_kv12288_cap12-10_balanced_stagger_baseline,baseline,12,9591.446421982,9602.487473692,11.04105170999901,260.8447162141095,0.07482392699967022,0.1472847589999219,3.1018800604997523,8.306156106349135,0.12161919700156432,0.12150886920080665,0,0,0.0002242214757819383,llama1b,12288,12,77,balanced,stagger,study12_s77_llama1b_kv12288_cap12,10_balanced_stagger_baseline,0,8628,0,0,9,0.48631029986962193,0,0,,,,0,0,0,0.0,0.0,0,0.0,0.0,5760.0
study12_s77_llama1b_kv12288_cap12-11_generation_stagger_baseline,baseline,12,9602.803383502,9618.59247023,15.789086728000257,275.63342167740416,0.053067043500050204,0.08799354390002918,3.83733202250005,11.457274719099132,0.06320335399868782,0.0632013981993623,0,0,0.00012448099914763588,llama1b,12288,12,77,generation,stagger,study12_s77_llama1b_kv12288_cap12,11_generation_stagger_baseline,0,7924,0,0,10,0.3702737940026075,0,0,,,,0,0,0,0.0,0.0,0,0.0,0.0,3584.0
study13r01_s77_llama1b_kv3072_cap12-00_balanced_burst_baseline,baseline,12,10387.455133508,10401.466499311,14.011365803000444,205.54741347080287,6.9109773445006795,8.251825115050725,8.739624889500192,12.59041381959987,3.2881467239985795,2.1145456216986513,3,2.535510184996383,0.00011808699964599434,llama1b,3072,12,77,balanced,burst,study13r01_s77_llama1b_kv3072_cap12,00_balanced_burst_baseline,5,10919,2291,2291,6,1.0,5.852204690996587,3.133418838999205,,,,0,0,3,5.0874183629966865,5.535510184996383,0,0.0,0.0,5760.0
study13r01_s77_llama1b_kv3072_cap12-01_generation_stagger_fixed,fixed,12,10401.778923358,10419.929559224,18.150635865998993,239.77121419489566,0.06674906849912077,9.422045235150563,10.316279825499805,13.365916763449786,7.2825438089985255,5.171693662649429,2,8.727178260998699,0.00023239999973156955,llama1b,3072,12,77,generation,stagger,study13r01_s77_llama1b_kv3072_cap12,01_generation_stagger_fixed,3,9984,2060,2060,6,1.0,10.758267213999716,7.162748446000478,,,,0,0,2,10.456975048999084,10.727178260998699,0,0.3,0.3,3584.0
study13r01_s77_llama1b_kv3072_cap12-02_generation_burst_fixed,fixed,12,10420.228846423,10434.86584641,14.636999987000308,297.32868783665924,0.08494759749919467,11.460363278650401,11.276563959499981,14.209344511550626,8.199430091000977,5.6724817528005556,2,9.804408658001194,0.0001429940002708463,llama1b,3072,12,77,generation,burst,study13r01_s77_llama1b_kv3072_cap12,02_generation_burst_fixed,3,10056,2132,2132,7,1.0,12.216759629998705,8.055789374999222,,,,0,0,2,11.566514533000372,11.804408658001194,0,0.3,0.3,3584.0
study13r01_s77_llama1b_kv3072_cap12-03_balanced_stagger_adaptive,adaptive,12,10435.14081229,10449.484506273,14.343693983000776,200.78509785646506,2.5652581040003497,5.2808048718005915,6.61931300499873,9.747877905999937,3.9619264909997582,3.618769471300038,2,5.299931128000026,0.00021697271060650003,llama1b,3072,12,77,balanced,stagger,study13r01_s77_llama1b_kv3072_cap12,03_balanced_stagger_adaptive,2,9322,694,694,7,1.0,7.158225802999368,3.891601195999101,,,,0,0,2,7.129890232999969,7.299931128000026,0,0.09927102803738318,0.16999999999999998,5760.0
study13r01_s77_llama1b_kv3072_cap12-04_balanced_stagger_baseline,baseline,12,10449.853110987,10464.375507551,14.522396563999791,198.31437513139937,2.5808192115000566,5.0198843002001015,6.542990639999516,9.683443971900395,4.07992473000013,3.7379953724504045,2,5.53815971900076,8.684573935635598e-05,llama1b,3072,12,77,balanced,stagger,study13r01_s77_llama1b_kv3072_cap12,04_balanced_stagger_baseline,4,10546,1918,1918,7,1.0,8.408474859999842,4.003067806999752,,,,0,0,2,7.248307243999079,7.53815971900076,0,0.0,0.0,5760.0
study13r01_s77_llama1b_kv3072_cap12-05_generation_stagger_baseline,baseline,12,10464.607079657,10482.905786653,18.298706995999964,237.8310118278484,0.06960361700021167,8.312779004200092,10.519034020000618,13.064099112949405,8.882065563000651,7.351415748350243,3,15.148068413000146,0.00010534894357405733,llama1b,3072,12,77,generation,stagger,study13r01_s77_llama1b_kv3072_cap12,05_generation_stagger_baseline,7,11557,3633,3633,7,1.0,19.186238644002515,8.733104808001372,,,,0,1,3,17.67396035800084,18.148068413000146,0,0.0,0.0,3584.0
study13r01_s77_llama1b_kv3072_cap12-06_balanced_burst_adaptive,adaptive,12,10483.182930627,10497.481641837,14.298711209999965,201.41675411877958,7.1827625140003875,8.867568425099943,8.945644782999807,13.074304040499554,1.1446928090008441,0.6616093235005786,1,0.14469280900084414,0.00010969500035570845,llama1b,3072,12,77,balanced,burst,study13r01_s77_llama1b_kv3072_cap12,06_balanced_burst_adaptive,2,9889,1261,1261,5,1.0,1.2470886909995897,1.0362708590000693,,,,0,0,1,1.0242586189997382,1.1446928090008441,0,0.09841085271317829,0.13,5760.0
study13r01_s77_llama1b_kv3072_cap12-07_balanced_burst_fixed,fixed,12,10497.761167824,10514.766669592,17.005501768000613,169.3569551366793,7.564546745000371,13.266021085449847,10.384957260000192,16.500433661999885,0.10925977000079001,0.10924539850020665,0,0,0.00012534699926614046,llama1b,3072,12,77,balanced,burst,study13r01_s77_llama1b_kv3072_cap12,07_balanced_burst_fixed,0,8628,0,0,4,0.7643979057591623,0,0,,,,0,0,0,0.0,0.0,0,0.3,0.3,5760.0
study13r01_s77_llama1b_kv3072_cap12-08_generation_burst_baseline,baseline,12,10515.007204663,10529.304913824,14.297709161000967,304.38442627373473,0.0803940590012644,5.091512641049842,10.78929370950118,13.619318209750327,9.536520301000564,9.333112198850449,5,32.40816870399976,0.00011629400032686643,llama1b,3072,12,77,generation,burst,study13r01_s77_llama1b_kv3072_cap12,08_generation_burst_baseline,8,12281,4357,4357,9,1.0,38.06395232900286,9.492501190999974,,,,0,1,5,36.697451506001016,37.40816870399976,0,0.0,0.0,3584.0
study13r01_s77_llama1b_kv3072_cap12-09_balanced_stagger_fixed,fixed,12,10529.583486376,10547.38676209,17.803275714000847,161.76798282886284,5.879149210499236,10.070864782150329,7.914211104500282,13.679320049399665,0.10221603899844922,0.10218664204994639,0,0,0.00012266974067198788,llama1b,3072,12,77,balanced,stagger,study13r01_s77_llama1b_kv3072_cap12,09_balanced_stagger_fixed,0,8628,0,0,4,0.7643979057591623,0,0,,,,0,0,0,0.0,0.0,0,0.3,0.3,5760.0
study13r01_s77_llama1b_kv3072_cap12-10_generation_stagger_adaptive,adaptive,12,10547.639943457,10565.747018405,18.107074948000445,240.34804144225345,0.07183394850017066,8.60878588029991,10.25909589549974,13.095419447500444,9.247533811998437,8.0901534064993,3,16.831030352997914,0.00011055399954784662,llama1b,3072,12,77,generation,stagger,study13r01_s77_llama1b_kv3072_cap12,10_generation_stagger_adaptive,4,10530,2606,2606,7,1.0,19.79611677199864,9.166607089999161,,,,0,0,3,19.468869715998153,19.831030352997914,0,0.15787781350482316,0.27,3584.0
study13r01_s77_llama1b_kv3072_cap12-11_generation_burst_adaptive,adaptive,12,10565.99184585,10580.585964478,14.594118627999705,298.2023177234165,0.08372918650093197,11.178296435199899,11.268768237000586,14.166497984799935,8.210771044001376,5.670538921550175,2,9.802938229000574,0.00015143599885047987,llama1b,3072,12,77,generation,burst,study13r01_s77_llama1b_kv3072_cap12,11_generation_burst_adaptive,4,10661,2737,2737,8,1.0,12.21931296299772,8.06697366699882,,,,0,1,2,11.563369138999406,11.802938229000574,0,0.20222119815668205,0.29000000000000004,3584.0
study14_s77_llama1b_kv5120_cap3-00_balanced_burst_fixed,fixed,12,9876.524948839,9891.369319157,14.844370318000074,194.01294486083742,6.378199417500582,10.316262332698988,9.542187087999082,13.845697531350014,0.11336040800051705,0.11331436860018584,0,0,0.00018048999845632352,llama1b,5120,3,77,balanced,burst,study14_s77_llama1b_kv5120_cap3,00_balanced_burst_fixed,0,8628,0,0,3,0.652037617554859,0,0,,,,0,0,0,0.0,0.0,0,0.3,0.3,5760.0
study14_s77_llama1b_kv5120_cap3-01_generation_burst_baseline,baseline,12,9891.810482888,9913.445859715,21.635376827000073,201.15203145289712,7.53185336649949,18.48255722185113,15.078924813500635,20.26415622620052,0.060187961000337964,0.0600827085999299,0,0,0.00023992600035853406,llama1b,5120,3,77,generation,burst,study14_s77_llama1b_kv5120_cap3,01_generation_burst_baseline,0,7924,0,0,3,0.554858934169279,0,0,,,,0,0,0,0.0,0.0,0,0.0,0.0,3584.0
study14_s77_llama1b_kv5120_cap3-02_generation_stagger_adaptive,adaptive,12,9913.700830216,9938.355881767,24.655051551000724,176.51555061637487,6.443340495000484,15.20484361514973,13.697132130000682,18.132743437349653,0.06194511099965894,0.06185096419985712,0,0,0.00014488258056388759,llama1b,5120,3,77,generation,stagger,study14_s77_llama1b_kv5120_cap3,02_generation_stagger_adaptive,0,7924,0,0,3,0.5642633228840126,0,0,,,,0,0,0,0.0,0.0,0,0.0069940119760479045,0.05,3584.0
study14_s77_llama1b_kv5120_cap3-03_balanced_burst_baseline,baseline,12,9938.650914735,9953.519649633,14.868734898000184,193.69502649397256,6.402756048499214,10.367615147299965,9.58841331450003,13.885311398950307,0.11356091599918727,0.11349123704949307,0,0,0.00018282499950145192,llama1b,5120,3,77,balanced,burst,study14_s77_llama1b_kv5120_cap3,03_balanced_burst_baseline,0,8628,0,0,3,0.652037617554859,0,0,,,,0,0,0,0.0,0.0,0,0.0,0.0,5760.0
study14_s77_llama1b_kv5120_cap3-04_balanced_stagger_adaptive,adaptive,12,9953.814769608,9969.369985337,15.555215729000338,185.1469018607487,3.799239160999605,6.623407100249733,7.210825761499109,10.224594538750353,0.11377142799938156,0.11375239854978644,0,0,0.00019550114257826934,llama1b,5120,3,77,balanced,stagger,study14_s77_llama1b_kv5120_cap3,04_balanced_stagger_adaptive,0,8628,0,0,3,0.6426332288401254,0,0,,,,0,0,0,0.0,0.0,0,0.010726256983240224,0.05,5760.0
study14_s77_llama1b_kv5120_cap3-05_balanced_stagger_baseline,baseline,12,9969.750250934,9985.251892449,15.501641515000301,185.78677601421387,3.8233448705004776,6.6933573214503665,7.277393763999498,10.205525923149981,0.10998931200083462,0.1099667878506807,0,0,0.00011327077472822467,llama1b,5120,3,77,balanced,stagger,study14_s77_llama1b_kv5120_cap3,05_balanced_stagger_baseline,0,8628,0,0,3,0.6426332288401254,0,0,,,,0,0,0,0.0,0.0,0,0.0,0.0,5760.0
study14_s77_llama1b_kv5120_cap3-06_balanced_burst_adaptive,adaptive,12,9985.553503384,10000.801684377,15.24818099299955,188.87498786394323,6.519507911999426,10.64866512439994,9.872081411500403,14.218399744400266,0.11304091599959065,0.11303791189984622,0,0,0.00020903000113320358,llama1b,5120,3,77,balanced,burst,study14_s77_llama1b_kv5120_cap3,06_balanced_burst_adaptive,0,8628,0,0,3,0.652037617554859,0,0,,,,0,0,0,0.0,0.0,0,0.011130434782608696,0.05,5760.0
study14_s77_llama1b_kv5120_cap3-07_generation_burst_adaptive,adaptive,12,10001.057530881,10022.817435611,21.759904729999107,200.00087564722435,7.606076063500041,18.6318545860001,15.185433798500526,20.397003798649983,0.06259512300130154,0.06252780410040941,0,0,0.00011862399878737051,llama1b,5120,3,77,generation,burst,study14_s77_llama1b_kv5120_cap3,07_generation_burst_adaptive,0,7924,0,0,3,0.554858934169279,0,0,,,,0,0,0,0.0,0.0,0,0.007470817120622569,0.05,3584.0
study14_s77_llama1b_kv5120_cap3-08_generation_stagger_fixed,fixed,12,10023.144523379,10047.846560021,24.702036642000166,176.1798050530141,6.493491696500314,15.22506759479993,13.667401308500303,18.168874087900164,0.06069329199999629,0.06066695854960926,0,0,0.0002598889324172404,llama1b,5120,3,77,generation,stagger,study14_s77_llama1b_kv5120_cap3,08_generation_stagger_fixed,0,7924,0,0,3,0.5642633228840126,0,0,,,,0,0,0,0.0,0.0,0,0.3,0.3,3584.0
study14_s77_llama1b_kv5120_cap3-09_balanced_stagger_fixed,fixed,12,10048.164469189,10063.865526935,15.701057746000515,183.42713252765498,3.868445588999748,6.7821415095500015,7.3712897280001926,10.39109599514968,0.1124547170002188,0.11245375394964867,0,0,0.0002450484769900285,llama1b,5120,3,77,balanced,stagger,study14_s77_llama1b_kv5120_cap3,09_balanced_stagger_fixed,0,8628,0,0,3,0.6426332288401254,0,0,,,,0,0,0,0.0,0.0,0,0.3,0.3,5760.0
study14_s77_llama1b_kv5120_cap3-10_generation_burst_fixed,fixed,12,10064.13196744,10085.763406234,21.631438794000132,201.188651455173,7.6437467750001815,18.53190085865026,15.122566875499615,20.275447488100326,0.05926262699904328,0.05920023005037365,0,0,0.0002500710012099949,llama1b,5120,3,77,generation,burst,study14_s77_llama1b_kv5120_cap3,10_generation_burst_fixed,0,7924,0,0,3,0.554858934169279,0,0,,,,0,0,0,0.0,0.0,0,0.3,0.3,3584.0
study14_s77_llama1b_kv5120_cap3-11_generation_stagger_baseline,baseline,12,10086.062921795,10110.755994736,24.693072940999627,176.24375914647996,6.495172118999108,15.168906879649512,13.658928689000277,18.129664103199044,0.06387483199978305,0.06386528234997968,0,0,0.0001432150002074195,llama1b,5120,3,77,generation,stagger,study14_s77_llama1b_kv5120_cap3,11_generation_stagger_baseline,0,7924,0,0,3,0.567398119122257,0,0,,,,0,0,0,0.0,0.0,0,0.0,0.0,3584.0
study15_s77_llama1b_kv5120_cap12-00_generation_burst_fixed,fixed,12,10135.269168546,10146.312305913,11.043137366999872,394.0909050905271,0.0805047009998816,0.39216250550089127,3.7267718564999086,10.857848657300384,0.06257264799933182,0.06256277164948187,0,0,0.00023902899920358323,llama1b,5120,12,77,generation,burst,study15_s77_llama1b_kv5120_cap12,00_generation_burst_fixed,0,7924,0,0,11,0.8840125391849529,0,0,,,,0,0,0,0.0,0.0,0,0.3,0.3,3584.0
study15_s77_llama1b_kv5120_cap12-01_balanced_stagger_fixed,fixed,12,10146.636676042,10158.377235802,11.740559759999087,245.30346583749463,0.3871701980006037,3.8857257472493067,4.094808607000232,7.64472976520019,0.14063223900120647,0.14033709195036864,0,0,0.0001249350007128669,llama1b,5120,12,77,balanced,stagger,study15_s77_llama1b_kv5120_cap12,01_balanced_stagger_fixed,0,8628,0,0,5,0.7460815047021944,0,0,,,,0,0,0,0.0,0.0,0,0.3,0.3,5760.0
study15_s77_llama1b_kv5120_cap12-02_generation_burst_adaptive,adaptive,12,10158.634415227,10169.744250236,11.109835009001472,391.7249892976717,0.06986659450103616,0.10269713060060892,3.7437279080004373,10.89917811319965,0.0635672850003175,0.06345543699962945,0,0,0.00020323700045991877,llama1b,5120,12,77,generation,burst,study15_s77_llama1b_kv5120_cap12,02_generation_burst_adaptive,0,7924,0,0,12,0.8840125391849529,0,0,,,,0,0,0,0.0,0.0,0,0.01475032010243278,0.05,3584.0
study15_s77_llama1b_kv5120_cap12-03_generation_stagger_adaptive,adaptive,12,10170.026939829,10185.209335528,15.182395698999244,286.6477785378012,0.05375431250013207,0.08451232635043196,3.682919533999666,10.816585816949374,0.06265221399917209,0.06074750514953848,0,0,0.00016863434022429402,llama1b,5120,12,77,generation,stagger,study15_s77_llama1b_kv5120_cap12,03_generation_stagger_adaptive,0,7924,0,0,10,0.9059561128526645,0,0,,,,0,0,0,0.0,0.0,0,0.011797979797979799,0.05,3584.0
study15_s77_llama1b_kv5120_cap12-04_generation_burst_baseline,baseline,12,10185.460321547,10196.570237885,11.109916338000403,391.72212171521056,0.06905029000063223,0.1082941850001589,3.71842259999994,10.912315277099697,0.061044882000715006,0.06092769570095698,0,0,0.00011911500041605905,llama1b,5120,12,77,generation,burst,study15_s77_llama1b_kv5120_cap12,04_generation_burst_baseline,0,7924,0,0,12,0.8840125391849529,0,0,,,,0,0,0,0.0,0.0,0,0.0,0.0,3584.0
study15_s77_llama1b_kv5120_cap12-05_generation_stagger_baseline,baseline,12,10196.827812901,10212.08162481,15.253811909000433,285.30573380363535,0.05473819399958302,0.08375599344954025,3.7144293459996334,10.880495312998846,0.05993051500081492,0.05986931485049354,0,0,0.0001900769424842963,llama1b,5120,12,77,generation,stagger,study15_s77_llama1b_kv5120_cap12,05_generation_stagger_baseline,0,7924,0,0,10,0.9059561128526645,0,0,,,,0,0,0,0.0,0.0,0,0.0,0.0,3584.0
study15_s77_llama1b_kv5120_cap12-06_balanced_stagger_adaptive,adaptive,12,10212.422132745,10222.730867961,10.30873521600006,279.3747185910826,0.07027848550023919,0.24009597025060414,2.787971316501171,7.53153279554981,0.11286527999982354,0.11286359754985824,0,0,0.00015132477519808063,llama1b,5120,12,77,balanced,stagger,study15_s77_llama1b_kv5120_cap12,06_balanced_stagger_adaptive,0,8628,0,0,8,1.0,0,0,,,,0,0,0,0.0,0.0,0,0.016089385474860336,0.05,5760.0
study15_s77_llama1b_kv5120_cap12-07_generation_stagger_fixed,fixed,12,10222.980248009,10238.188381681,15.208133672000258,286.1626609721665,0.05658060749919969,2.0293224195999757,3.6618796760003534,10.852135049250318,0.06085143099880952,0.06024254799913251,0,0,0.0002669442612956985,llama1b,5120,12,77,generation,stagger,study15_s77_llama1b_kv5120_cap12,07_generation_stagger_fixed,0,7924,0,0,8,0.8432601880877743,0,0,,,,0,0,0,0.0,0.0,0,0.3,0.3,3584.0
study15_s77_llama1b_kv5120_cap12-08_balanced_burst_baseline,baseline,12,10238.487265845,10246.238160351,7.750894505999895,371.57001656655484,0.22092074399915873,1.9932319022497722,3.474717619999865,7.615562539300209,0.16985430800014,0.169826653999462,0,0,0.0001163439988886017,llama1b,5120,12,77,balanced,burst,study15_s77_llama1b_kv5120_cap12,08_balanced_burst_baseline,0,8628,0,0,9,1.0,0,0,,,,0,0,0,0.0,0.0,0,0.0,0.0,5760.0
study15_s77_llama1b_kv5120_cap12-09_balanced_burst_adaptive,adaptive,12,10246.532507383,10254.28220576,7.749698376999731,371.627366627265,0.2084529375006241,1.9669236347492187,3.4817217809986687,7.605823291499564,0.15772070599996368,0.15769698119975145,0,0,0.00014448699876083715,llama1b,5120,12,77,balanced,burst,study15_s77_llama1b_kv5120_cap12,09_balanced_burst_adaptive,0,8628,0,0,9,0.9843260188087775,0,0,,,,0,0,0,0.0,0.0,0,0.022111324376199618,0.05,5760.0
study15_s77_llama1b_kv5120_cap12-10_balanced_burst_fixed,fixed,12,10254.588153089,10265.72507254,11.136919451000722,258.59933823452536,1.1394427975001236,7.224734048749542,6.029107427501003,10.63019850595092,0.1298739049998403,0.1219163911506257,0,0,0.00014773499897273445,llama1b,5120,12,77,balanced,burst,study15_s77_llama1b_kv5120_cap12,10_balanced_burst_fixed,0,8628,0,0,6,0.8307210031347962,0,0,,,,0,0,0,0.0,0.0,0,0.3,0.3,5760.0
study15_s77_llama1b_kv5120_cap12-11_balanced_stagger_baseline,baseline,12,10266.031912576,10276.382579174,10.350666598000316,278.24294916004715,0.0742654189998575,0.2500289510998298,2.8084225285001594,7.580067392800356,0.11195449400111102,0.11193358960108526,0,0,0.00018965177505458897,llama1b,5120,12,77,balanced,stagger,study15_s77_llama1b_kv5120_cap12,11_balanced_stagger_baseline,0,8628,0,0,8,1.0,0,0,,,,0,0,0,0.0,0.0,0,0.0,0.0,5760.0
